discovered_inc,discovered_agg
15749,14674
1604,811
810,937
23838,23838
1202,1195
18810,18300
4657,5482
238636,238366
15965,15968
10351,10296
25712,25735
2007,2029
108376,108284
152978,152973
1458,1197
64014,63807
5743,4335
294469,294588
19512,19473
31704,31700
32174,30295
43132,43093
2739,2400
9707,9709
97127,96878
124232,123941
36866,32782
5547,5529
43110,44838
23360,18820
58074,58124
1487,1201
73046,72952
6276,6372
46471,44747
1595,1840
163488,163503
62473,61914
16626,15956
52802,53938
86556,86494
2879,3392
41609,40811
69069,66726
14269,10129
81870,78487
91752,91499
15730,16558
8183,7998
100398,100376
16805,16780
44998,45015
14201,12677
219664,219657
9180,11107
3932,2091
27628,27613
10146,10180
109244,108368
3811,3157
3513,3601
29699,29644
20810,20715
116662,116693
1708,1553
817,758
228084,228078
49700,49880
392772,392750
14174,13683
49777,49069
11226,11341
2012,1746
17922,18035
11745,10279
1477,3889
282595,282718
2964,2988
228673,228650
125403,125162
170802,170781
135537,134730
10946,10950
3216,3411
101020,99553
23814,23860
93139,93097
68418,67277
15659,15695
157936,157488
36848,34161
115663,115637
22773,23294
111101,111052
15322,14787
78240,78224
63912,63869
4905,4888
208935,208709
71848,70204
40242,40209
25736,25737
9472,9106
8537,8538
6818,6580
5882,4122
122174,122117
81102,80536
14071,14078
36877,38491
31708,29105
16116,15979
4871,3630
66524,66238
2039,1586
45727,45671
190577,190426
74457,74334
5847,5312
1361,915
1352,1507
3915,2789
1045,968
53083,53094
11687,11299
13055,12605
52388,52386
85669,85652
117269,116688
132625,132618
48576,47798
13163,12960
3688,3104
16612,16322
24393,24333
44105,43793
11776,11029
98818,98963
4215,2564
90364,90307
14356,13612
1546,1773
17087,16824
15058,14977
24833,24817
16386,15448
6061,5168
180008,179943
9836,9674
6912,5609
33025,32831
5023,4684
4419,4316
46911,46206
10426,7594
15874,15622
6601,6504
2519,1659
25839,25877
350186,350126
137973,137983
4045,3767
29644,29435
71575,67737
416776,416701
35074,32850
111510,111505
28288,28276
66535,66545
291863,291849
52151,52212
1914,1263
2725,2634
5750,5744
110559,109784
2777,1725
1534,1587
67879,67845
61072,61071
2885,2513
30676,30597
4822,4804
1508,2642
161924,161911
8937,7781
28025,27982
16404,15949
15921,15822
7538,7511
1252,1261
1361,1292
16290,16238
128504,128495
15127,14897
39159,38492
12839,12102
8459,8258
45494,45522
36179,35962
2978,3016
1747,1508
8625,7254
31683,31562
39357,38824
35847,35983
30114,30114
117034,117051
9908,7378
523082,522777
62727,63125
10201,10459
4266,3003
80282,80195
2873,2940
50511,50226
18093,12260
3195,2753
81683,81590
29083,29260
7318,7330
41422,39456
11739,10808
249676,249737
16996,16953
9160,8407
32684,31824
2620,2601
17675,17499
14749,13910
26214,26145
87609,83141
78637,78463
132735,132702
15002,14968
17873,18868
88090,88103
42751,42606
205293,205904
208760,208829
27332,27444
10056,9010
199064,198958
36950,36407
7290,7247
72314,72319
29504,29521
55632,55566
11181,10716
20772,20755
1357,1275
6840,6683
7718,6605
32149,31974
45238,44890
39204,39127
4268,4121
70324,70327
1487,1277
4290,3225
5687,5667
62529,62529
10610,9907
13441,13155
29560,29554
77319,76692
3130,3215
47820,48507
26641,26003
8363,6329
2464,2512
24115,24072
83385,83361
1243,946
30913,29132
4089,4061
5396,5255
1279,1451
4164,4067
5228,7445
78825,78914
34502,35108
8810,6468
84909,84449
4114,3670
5965,5161
4188,3993
38266,38240
22766,22489
490381,490344
4885,5122
4254,3128
5002,4640
8482,8474
38955,39855
5387,5692
75620,75091
21303,18443
27893,31959
37681,37214
26372,26301
5987,5906
198748,197383
2341,1226
48441,48257
1453,1877
28835,27973
35640,35559
52171,51901
77784,77828
8996,8953
8672,6610
130458,129943
34379,33778
17074,16335
2430,2419
4720,4675
23201,23093
35199,34892
27672,25296
2823,2808
4649,1667
52958,54215
1935,1908
61085,61049
5165,5171
2038,1869
174161,173609
14665,9956
3611,3285
44188,43510
3704,3577
21352,21035
77105,75584
28424,28505
19979,19761
2621,2529
5021,3696
2127,1200
2248,3788
29392,27237
4414,4383
7798,7264
1303,1209
3077,1452
187218,187189
1631,1191
37399,37395
2356,2330
28361,28495
2217,2353
5065,4076
6765,6768
41976,38415
148093,148128
2890,1875
120368,120365
41251,36743
1181,882
116211,116209
5971,5208
33545,33282
9741,10696
2356,2437
19225,19082
119948,121168
29478,30295
52659,52753
29198,29185
2843,2816
4026,4248
70462,69892
17363,13122
24815,22486
41373,40718
4181,2978
7727,7764
15111,14006
41836,42041
23986,25344
25420,24925
184483,184474
15275,15220
137807,137997
4678,4519
31272,31291
1654,2287
41177,40768
267166,267146
3227,3024
39616,37472
31894,31823
82534,82228
28329,27769
118182,118176
1214,1420
3626,3082
9475,9454
63362,63206
4322,4050
7409,4242
48557,48442
1806,1512
7929,7851
17818,15872
1371,539
155022,155002
20530,21149
116756,116138
17659,17604
10826,9758
3386,2024
44496,44470
1778,1696
38429,38366
1444,1402
26153,23079
18580,17868
103071,103058
8061,6668
37689,37681
7273,8164
130212,129878
139999,139911
62461,62436
1105,1163
8880,7640
1217,3413
108870,108620
12417,10374
1478,1293
23133,22896
110060,109611
9150,7857
7299,5365
8056,8286
115418,115362
5028,3934
106326,106125
1928,1667
8796,8776
1538,1289
1092,882
4275,1922
82403,82002
2447,2094
18079,19500
18666,19512
2796,3343
29206,28561
1315,1225
24993,30191
12122,13311
94475,94386
103533,103673
28449,28400
3670,1427
80485,80010
14920,14881
34165,34643
153290,153250
6254,6340
41216,41243
1030,831
15879,15603
22150,22500
5765,1727
17292,16873
18739,19187
35530,35518
10374,11422
9926,9918
5522,5276
8440,8424
10425,10402
8319,8435
74703,75269
18766,18952
28414,27984
46496,41272
1207,1051
49400,47647
53774,53767
11016,12430
120962,120927
16478,15497
20538,20533
34149,32996
114994,114757
79885,79858
50451,48939
1871,1889
63555,62065
53285,51390
35575,39285
38617,39327
1087,1018
6970,6852
35024,34743
799,783
33418,33212
4527,4482
8198,8180
1891,948
11617,11531
8682,8549
930,1275
2205,2060
22493,22464
8160,8140
11174,11167
17302,17270
26014,26015
2032,1641
24748,23448
507,492
12015,11719
1944,2029
43663,43866
5952,5850
7607,7594
544,532
926,564
5266,5253
10363,10283
18472,18475
13536,14572
2007,2057
36290,36282
10200,10203
34817,34844
17302,17302
7332,7300
21227,21210
1265,1201
2029,1637
8984,8729
930,894
750,596
15060,14979
9744,9691
783,850
19280,19030
6268,5846
2445,2420
7339,6750
8852,8663
46072,46028
1242,997
589,564
4731,4681
21683,21494
25557,25548
1187,1161
3970,3323
7655,7602
20815,20673
17632,17648
1996,1949
2876,2991
48690,48713
11391,11379
432,428
33727,33205
7223,7401
17674,17821
9486,9476
14033,13366
31974,32001
959,1066
9294,9208
22321,22339
5407,3256
19105,19106
37548,37534
1751,1701
12306,12288
3715,3762
6107,6046
2575,2773
6555,6568
21908,21908
6472,6250
2308,1883
19158,18994
27497,28264
889,899
18165,17585
33182,33162
8295,8441
33127,33129
28623,28592
2298,2322
3974,3330
7003,6785
37069,37041
4540,4492
36040,36035
30928,30865
4756,4750
34290,33378
1246,922
3396,3166
17853,17690
22369,22370
28108,28081
10028,9997
3523,3505
17495,17455
2582,2547
2707,2521
7970,7984
26865,26857
42857,42510
1705,1546
2020,1813
7898,7678
2478,2459
18105,17899
4339,4416
9064,8919
2981,2616
1171,1034
1159,1101
5679,5660
26727,26611
6077,6242
17943,17916
9845,9851
13470,13362
19844,19749
5918,5743
4247,4092
35821,35824
26348,26336
7151,6766
28455,28399
2738,2761
18688,18656
29615,29670
6712,6723
13322,13324
24590,24407
3914,3901
7969,7766
24408,24315
4686,4535
43148,42946
14487,14276
3453,3388
2124,2349
3739,3624
9284,9243
6745,6739
29560,29443
15714,15791
1966,1896
3310,3217
13243,13210
4725,4783
3082,2834
10743,10710
4822,4816
3570,3563
18204,18188
1425,1749
24086,24070
16629,16143
27674,27592
765,711
10571,10497
2492,2462
5856,5819
11423,11201
801,779
8550,8538
5386,5377
2369,2638
25582,25320
15398,15262
18326,18093
9869,9885
15184,15193
2241,2218
34232,34560
9095,9077
16678,16462
1620,1465
6871,6857
11100,11103
24979,24778
7193,7095
1468,1788
16365,16348
6169,6183
2074,2058
9099,9158
11301,11300
5771,5312
959,898
17767,17764
25161,24909
19013,18986
2828,2790
53029,53006
8013,7959
1784,1781
21311,20586
1565,1464
1526,1007
3182,3311
4638,4629
20554,20281
1044,1174
12112,11511
3497,3333
1970,1171
8018,7938
4545,4450
11382,11165
48685,48351
12995,12992
1339,1118
54619,54596
6148,6140
19356,19348
1390,999
13073,13057
21005,20923
30520,30516
45381,45376
1308,1052
15254,15236
12303,12311
56980,56900
62423,62359
22702,22290
1899,1192
30435,30178
26035,25971
2394,2426
2969,2968
2260,2173
14386,14021
4628,4631
5865,5883
1124,1071
11558,11947
27703,27483
14067,14035
4284,4217
1412,1284
2897,1722
2694,1839
1480,1611
17521,17779
22362,22323
7925,7931
1133,922
29293,29294
2044,1559
8899,6094
3412,3388
32241,32221
24867,24814
1788,1507
2857,3065
6267,5798
7094,5358
12884,12895
27340,27336
51549,51517
26933,26929
37510,37422
6784,7007
8926,9033
1205,1212
29371,29247
27118,27108
23993,23978
15221,15246
2208,2185
20305,19256
45630,45633
1079,1168
1272,1499
5463,4779
42549,42490
4528,4094
10933,10144
29876,30035
1572,1468
7447,6967
24582,24586
2672,2113
3303,2290
2862,2989
8504,8651
8206,8222
10812,10819
21185,21120
20461,20458
24826,24619
19963,19830
14977,14860
27045,27065
6990,6311
6500,6504
4431,4156
15337,15341
666,608
4502,4433
4550,4552
3530,3512
2803,2804
10017,9967
11820,11740
32002,31996
14141,13834
15412,15386
15931,15906
2060,2058
15223,15230
6963,6953
12716,12665
8957,8937
7310,7295
19925,19923
29719,29735
3747,3749
25403,25398
5571,5553
4507,4470
11959,11970
5128,5043
8310,8299
28850,28440
21021,20561
6618,6562
6129,6131
11081,11078
12784,12783
4487,4495
4866,4860
14599,14469
6312,6330
6768,6601
8288,8236
8773,8769
12027,11865
13431,13369
24566,24551
2687,2685
7472,7473
6343,6106
9813,9815
12642,12637
20315,20307
27777,27773
32373,32303
29264,29224
14827,14836
23838,23836
10933,10918
6206,6200
2019,1958
6417,6418
13265,13223
2135,2043
13834,13827
8607,8567
19173,19182
5291,5273
6724,6728
31289,31267
10341,10324
14995,14977
3786,3789
20652,20623
5384,5374
4984,4960
29693,29693
14994,14827
5561,5550
5905,5872
9156,9361
11134,11132
30370,30358
1152,1144
25384,25381
5606,5684
26255,26258
17808,17792
2498,2501
9581,9554
20474,20474
17907,17888
15088,14978
11140,11140
1546,1559
4731,4712
3359,3159
4818,4800
17700,17037
8609,8424
45640,45630
89597,89567
40161,39580
1803,1794
36125,36149
4716,4713
39547,39228
17884,17882
9308,9287
18411,18254
38386,38413
2798,2800
24464,24394
4886,4725
19061,18961
4405,4202
5175,5150
69208,69214
108285,108291
8677,8141
6964,6605
34413,34361
82322,82220
7176,7127
14088,14399
28894,28845
22624,22547
26116,25981
11712,11502
43880,43872
37737,37704
18940,18392
1137,833
3105,3164
13572,13471
18702,18722
63593,63362
79434,79615
7739,7737
72908,71893
13003,12997
26459,26411
5960,5924
81513,81186
36884,36830
8078,7841
31024,30689
69111,68937
1860,1727
41778,41749
4429,4489
885,787
9825,9497
1343,1189
26723,26685
50141,50146
20548,20537
10266,11733
85260,85210
48165,48152
31727,31727
14534,14504
26593,26594
28436,28429
4103,3538
21105,20684
2961,2893
80677,79985
48257,47679
1632,1441
1244,1045
10236,9882
10578,10512
6314,6185
41777,39634
7898,7259
7101,7065
3263,2717
125653,125656
4064,4045
59847,59418
15213,15215
49109,49067
1062,1072
10308,10572
24467,24523
39129,38779
46322,46309
7998,7974
42732,42692
909,1000
4434,4432
46713,46704
26630,26623
19838,19847
2782,2722
67649,67630
219920,219840
36553,36548
47802,47746
225742,225737
14113,14059
30084,30066
183098,183036
60526,60504
70062,69916
157798,157787
93741,93743
55091,55072
145487,145436
55406,55398
204701,204682
77587,77369
38137,38114
83750,83627
17991,17986
48941,48965
55055,55058
25457,25401
19656,19623
30036,30014
73479,73339
120293,120303
78081,78093
46801,46786
78579,78248
51529,51514
102496,102484
78322,78303
80783,80851
177918,177944
119460,119446
201490,201473
59716,59696
8284,8262
134760,134766
53419,53438
89595,89593
30669,30442
131368,131336
46105,45982
68916,68902
46643,46625
128210,128183
9340,9329
35824,35797
24331,24189
221936,221854
73902,73889
52826,52899
34280,34014
163012,162998
61263,61254
213609,213558
127899,127901
230022,230016
119578,119567
202419,202423
8639,8647
129073,129110
41333,41302
75372,75339
113215,113190
26716,26700
123287,123251
80087,80101
11436,11427
134501,134503
226809,226800
49975,49975
23443,23420
111721,111713
73908,73877
63967,63987
230858,230845
130310,130254
181697,181764
34462,34463
186088,185965
125493,125333
120619,120542
37455,37443
71986,71995
107060,107062
75985,75978
6695,6671
113721,113691
111830,111739
68414,68381
139883,139885
109089,109077
38673,38666
39820,39820
103008,102994
93489,93717
225108,225083
52600,52600
24534,24534
97587,97588
148074,148075
148989,148989
114179,114182
91823,91824
96852,96852
51920,51915
77344,77344
104753,104753
14062,14062
28721,28721
168585,168585
134850,134848
77698,77699
13857,13857
60670,60670
13012,13012
11585,11585
112263,112257
63919,63919
112254,112251
33895,33895
31822,31822
122675,122675
36131,36131
128263,128263
82211,82211
47780,47781
45360,45361
113018,113019
115303,115304
82505,82505
54927,54927
135965,135966
18061,18061
24505,24505
162738,162738
21514,21514
95080,95082
27876,27878
51549,51549
35497,35494
19830,19829
27607,27608
61323,61324
94968,94969
97963,97963
102752,102751
31933,31933
39892,39892
145529,145529
42553,42553
35772,35772
129785,129785
2592,2592
112167,112168
112227,112227
34831,34831
15143,15143
150232,150233
99802,99802
10787,10787
9924,9924
100434,100434
54893,54892
3935,3935
163238,163238
3302,3303
145362,145362
169958,169960
69250,69250
56768,56769
141763,141763
31397,31397
160333,160334
57950,57950
41991,41991
155578,155579
89187,89187
69553,69553
8231,8229
75538,75538
81953,81951
153847,153848
79770,79770
43765,43765
29599,29599
86488,86488
165095,165095
149190,149190
47817,47817
94256,94256
133101,133098
168561,168561
136234,136234
62265,62265
63139,63139
62373,62373
35847,35635
147876,147415
101193,101201
236201,235777
31217,31212
236246,235765
131335,131276
34349,34187
177530,177382
233363,233366
45942,45561
89688,89514
124880,124724
156223,156195
42279,42127
3141,3113
68776,68829
39086,39038
98878,98797
8826,8547
39410,39400
131106,131057
100791,100808
16851,16725
106726,106777
174124,174088
199334,199260
124906,124853
27735,27497
187903,187886
9935,9890
5200,5320
76980,76837
236356,236332
46285,46270
141009,140967
43576,43544
72013,71997
193042,193035
220968,220950
164629,164459
29256,29259
198092,198076
83081,82850
199461,199442
98076,97574
237217,237000
60063,60023
191336,191333
202531,202504
183908,183881
191241,191258
142884,142832
75532,75570
138143,138095
66437,66382
17746,16419
220107,220071
106857,107179
67142,67121
17710,17612
203029,202947
169063,168972
145256,145238
230881,230885
99145,99028
8071,7969
13707,13655
236692,236788
4740,4679
16561,16510
22367,22351
22073,21961
141910,141917
57415,57392
214112,214126
199427,199412
177239,176817
14215,14167
30348,30372
175980,175904
236694,236730
21386,21635
3209,3007
101470,101428
52126,51954
234644,234658
237253,237174
106972,106921
187855,187828
236551,236197
159099,159062
33808,33803
71082,71061
207637,207501
105532,105530
184784,184707
84379,84082
12967,13063
176699,176701
189625,189636
68403,68403
200088,200090
26801,26784
146590,146592
17287,17290
27349,27349
137261,137269
159452,159450
104800,104793
72516,72517
159545,159546
45347,45347
137450,137452
169639,169640
197750,197762
113766,113771
66998,66987
139891,139894
184277,184280
144525,144524
29216,29163
186667,186657
41565,41571
94211,94221
65939,65944
34360,34350
50300,50309
53595,53599
142775,142734
204322,204323
80312,80311
51635,51632
41315,41315
100308,100312
92324,92321
85874,85874
204220,204230
155975,155977
201546,201549
202339,202341
25543,25544
71359,71357
112222,112224
194285,194285
143789,143787
114158,114152
191332,191329
96785,96785
162095,162102
10491,10488
93175,93175
138706,138708
51767,51770
37769,37772
43138,43138
168901,168901
17432,17435
168115,168113
33939,33943
98260,98264
117486,117487
82801,82801
201391,201391
81421,81424
102966,102962
128889,128892
75011,74985
22560,22561
146686,146687
133285,133285
28959,28959
12018,12022
44928,44927
178663,178663
57753,57755
162980,162980
145445,145441
31417,31418
189324,189322
58577,58577
146412,146412
202001,202001
146818,146823
21135,21136
166462,166465
50854,50855
157521,157522
52315,52305
23335,23337
104692,104692
8200,8200
89667,89671
175712,175712
51215,51216
39505,39505
8275,8275
134117,134115
3514,3518
64367,64369
154853,154860
64855,64856
229812,229701
228570,228588
165392,165390
18202,18207
52669,52671
154157,154167
106138,106129
83943,83947
23054,23068
119944,119932
118954,118898
36003,35967
167555,167558
142638,142637
35175,35163
57427,57425
111346,111323
225080,225086
217735,217699
94528,94529
11888,11884
110541,110556
52370,52359
219407,219369
121430,121436
164687,164684
155476,155463
156026,156017
76184,76173
14017,13989
125597,125600
22091,22039
56120,56130
57779,57764
64573,64570
62450,62456
34963,34952
7103,7087
71491,71469
116115,116117
100944,100943
123201,123201
131870,131863
202172,202172
81804,81802
204015,204013
203650,203650
95779,95768
198539,198522
31529,31535
194309,194306
113120,113104
58615,58614
23420,23420
95125,95123
162855,162858
158524,158503
119167,119153
23566,23554
76068,76064
116216,116213
213731,213785
133857,133852
40033,40036
46578,46582
30465,30470
196490,196378
75035,75028
198368,198378
109523,109521
11059,11068
222511,222512
154662,154655
191224,191227
130670,130649
127828,127821
125122,125124
38090,38099
75051,75046
194186,194187
4535,4532
57952,57945
28464,28460
41810,41793
54075,54065
180894,180893
185490,185484
92353,92356
82047,81912
122617,122613
20714,20709
204363,204352
128513,128508
223658,223667
115436,115439
93937,93951
99221,99190
184926,184909
9121,7092
7303,6954
6167,4848
9229,7150
632,689
3697,2373
784,732
1555,1492
6875,5365
10542,12816
5027,4047
8005,7975
1800,1624
4142,4120
5819,3286
814,801
36183,36177
847,847
909,1035
3434,2984
3051,3060
8423,8528
13351,13333
6593,6569
9628,7335
8760,5650
6996,6603
76730,74257
5328,4899
6506,6791
11704,11671
9586,11046
5276,5308
5906,5826
8785,8765
5838,5934
7034,6992
4676,4575
12939,12953
5485,4910
15307,15296
13366,9984
23320,23325
1557,1464
4084,4085
26128,25918
1085,1031
18407,18392
4223,3993
2532,2493
44231,44226
2738,2272
1964,1633
5213,4125
44522,44877
8348,8307
11063,10087
7262,7237
5726,5883
19289,19271
3906,3805
4197,4174
16369,16348
2126,1846
115267,115587
4534,4502
2429,2699
10263,8909
7752,7666
2423,2413
16591,16568
8053,8051
9886,8212
906,873
4576,3809
11703,9863
3344,1909
9168,9115
4031,4028
11445,8229
1526,1540
2980,2647
74016,73998
9009,9254
9101,7633
20565,16933
10792,8673
1627,1520
1297,1285
6135,5472
1427,1479
7171,7711
42297,40765
10045,9954
11739,11738
174564,174171
8355,8404
5049,3601
10442,10188
6327,5882
14844,14840
1165,1091
3619,3682
514,472
1559,1554
13186,13180
2371,2129
41086,41039
6667,6660
1401,1536
26926,26913
3935,3903
2122,2132
22630,22633
25614,25613
7837,7851
40677,40679
934,886
12373,12289
2473,2468
22010,21981
3414,3416
11974,11964
6447,5528
1434,1232
8809,8754
14454,14391
7516,4938
82266,82269
29663,29818
10467,10472
8907,8876
2315,2286
10063,10048
12562,9107
3730,3735
20811,19603
5402,5441
3381,3358
15487,15477
64628,64626
6949,7043
7667,5496
30688,30316
10768,11272
45031,45024
25402,25377
2701,2681
5310,5307
23076,21495
10100,10061
7249,7237
14583,14570
12553,12575
25494,25424
13515,13824
17844,17846
6287,6294
2162,2166
20563,20532
7977,6926
2911,2908
18816,18820
8170,8171
12465,12456
35880,35479
4946,4905
8795,8772
11467,11464
24531,24530
21289,21297
13156,13128
4235,4245
1869,1865
54117,54347
22194,22611
11848,11763
8637,8463
7789,7808
21077,21081
17668,17670
41988,41978
18743,18738
26564,26568
11119,11112
14719,14674
10852,10860
20137,20144
36028,36032
41441,40725
5633,5069
23844,23829
21365,21283
5103,5105
21348,21356
33747,33742
4860,4851
24807,24806
43341,43335
2372,2373
17314,17325
6365,6358
32113,32106
3943,3100
6196,6207
797,804
1740,1338
9557,9459
24846,24846
23315,22877
8134,8132
8183,8188
41478,41481
7170,7161
2264,2270
6687,6686
6199,6188
43117,43090
55216,55011
11317,11311
1768,1767
4061,4064
15854,15854
7037,7034
8821,8796
8053,8032
1757,1753
8700,8673
14225,12601
1908,1895
20453,20453
31484,31449
59609,59609
19814,18078
18215,17867
26470,26481
3952,3937
12776,12775
26559,26554
7191,7198
84558,84334
14276,14280
78480,78676
41946,42020
10595,10593
5817,5800
22595,22306
7121,7072
39818,39805
9799,9798
19852,19841
26164,26172
21423,21379
28359,27599
8186,8037
8359,8367
12165,11544
18524,18517
14621,14614
40824,40817
10465,10463
18094,18095
3357,3302
11245,11239
94009,94011
3132,3134
13084,12800
45507,45503
51281,51092
39936,39439
4267,4262
6828,6444
47741,47733
3733,3729
3613,3602
6028,6024
58548,58263
12735,12730
20586,20588
22433,22437
27190,27192
4759,4747
20679,20669
3648,3641
11558,11551
9446,9444
17006,17005
13562,13544
3411,3407
8739,8690
29395,29369
7959,7841
41631,41627
5757,5755
2776,2765
2311,2306
129177,129176
24031,24039
30436,30434
48010,48010
44236,43922
10248,10233
1649,1641
4811,4813
3182,2898
5609,5601
23241,23209
7279,7280
45243,45244
12733,12554
18655,18644
15479,15525
18849,18846
7636,7638
16108,16082
16197,16197
48463,48465
12871,12921
7084,7091
13020,12997
40554,40441
18181,18157
38999,39007
41109,41108
12527,12528
34173,34184
22494,22494
3147,3148
15588,15580
30027,30023
48914,48913
11211,11216
9984,9989
58531,58537
14598,14601
9602,9600
11956,11915
6938,6934
2545,2547
11745,11732
12939,12941
13218,13217
3557,3555
14428,14426
14791,14784
15362,15357
2640,2649
7056,7059
14525,14520
38873,38866
45498,45499
10625,10619
11428,11427
3770,3765
6344,6334
15034,15024
22552,22563
6573,6363
9792,9798
3032,3032
4650,4585
48309,48309
25517,25514
46473,46476
2967,2928
29158,29155
30340,30345
1927,1925
15511,15421
7493,7488
13095,13088
22371,22375
16446,16423
45226,45226
12481,12450
24565,24561
3268,3273
5775,5769
18032,18004
31734,31729
12608,12610
13233,13234
3593,3596
11947,11947
7485,7449
20293,20288
12580,12574
23081,23080
16220,16213
22625,22610
11087,11089
16410,16413
30515,30516
14979,14934
3250,3251
21536,21531
12576,12573
21079,21079
3830,3818
3031,3031
45314,45316
8677,8660
14971,14971
2862,2862
12183,12184
11744,11744
17468,17473
12723,12723
26375,26375
7002,6987
6494,6504
28017,28030
12752,12752
4570,4491
32655,32644
2031,2021
28494,28482
7498,7502
17238,17237
27128,27127
12282,12277
7445,7445
14187,14182
7436,7437
16871,16864
42418,42403
3804,3806
7299,7278
2328,2327
9335,9333
4096,4089
12158,12158
19398,19389
16668,16665
3464,3458
27136,27135
9010,9015
5549,5555
35223,35213
5076,5078
4109,4113
8027,8032
9736,9729
12746,12742
50529,50529
32395,32395
17480,17481
2450,2454
37872,37864
7663,7659
56787,56797
21609,21611
30716,30713
16553,16554
16905,16904
35758,35757
7435,7434
13633,13629
12321,12321
12790,12788
25211,25207
21214,21205
7101,7104
19988,19989
39605,39607
11281,11281
18331,18289
5426,5426
37558,37558
15137,15137
31437,31438
13674,13670
19024,19021
22683,22679
13153,13154
25045,25044
9027,9030
4880,4879
4055,4057
17621,17611
15416,15417
3275,3279
19915,19913
49023,49025
4518,4521
27180,27179
31304,31305
24735,24731
28865,28861
1824,1820
16557,16556
4534,4531
8899,8899
28591,28588
7176,7177
18016,18015
14133,14131
19459,19459
5124,5124
23039,23039
5441,5438
65461,65451
3422,3369
5001,4760
15149,15151
5123,5124
24078,24069
25047,25044
17106,17116
33565,33553
37813,37784
35523,35511
48088,48092
27602,27606
3705,3719
59958,59949
12880,12861
61019,61008
33339,33319
5277,5255
105428,105420
4437,4433
41719,41602
2022,2031
21239,21289
11055,11059
7054,7066
64589,64590
13850,13807
45047,44944
6465,6469
80151,80156
18555,18528
61188,61168
3035,3041
4168,4163
13160,13157
78980,78963
12226,12217
39109,39099
11304,11271
8427,8390
18936,18925
44301,44301
39347,39342
41074,41076
43963,43945
21839,21719
17546,17500
11199,11203
96107,96057
28605,28603
7805,7816
14122,14048
34692,34687
18046,18047
52872,52881
12461,12410
55038,55033
41449,41453
56436,56349
22432,22407
19196,19180
27797,27787
17502,17282
28699,28698
82085,82081
4027,3998
6774,6777
6762,6763
28555,28559
10189,10184
5855,5803
67948,67927
8098,8095
60477,60466
39240,39250
36524,36505
28822,28828
4221,4224
3459,3466
7143,7147
16069,16039
63366,63363
12143,12005
23523,23522
12266,12262
22925,22931
28050,28035
23128,23130
43074,43091
8037,8039
16010,16013
14127,14120
20812,20813
7547,7550
4583,4592
28887,28888
19830,19834
11293,11289
10337,10228
58928,58656
26901,26904
14149,14169
64419,64392
43360,43756
145888,145869
56807,56747
8387,8382
30426,30407
17758,17751
50207,50176
4708,4533
125487,125492
30601,30300
16883,16885
15718,15730
10662,10655
1185,1173
45906,46007
140386,140374
28187,28197
8908,8825
19749,19444
4175,4219
20206,19870
18498,18494
27824,27735
9663,9543
7413,7328
8728,8576
25319,24920
30726,30578
80587,80581
56568,56532
43895,43885
17301,17247
5808,5809
26690,26652
53629,53596
15770,15758
19730,19723
3358,3351
126399,126397
84789,84756
2684,2700
77293,77260
48925,48927
95729,95662
17950,17916
39369,39434
7377,6830
28070,28048
15030,15018
20702,20612
26703,26695
40484,40495
45976,45959
10657,10582
6533,6551
23620,23552
10923,10921
26626,26626
13051,13040
71636,71604
12182,12185
30111,30107
14873,14714
38782,38718
28859,28803
9579,9530
8766,8755
63773,63479
32370,32328
77022,76997
6743,6743
6476,6178
8224,8225
20952,20977
6665,6649
14054,14055
35567,35568
31214,31047
10364,10343
5725,5704
4057,4347
6480,6475
35343,35338
22630,22628
10899,10847
35915,35784
10435,10385
23532,23487
28556,28589
87332,87206
34733,34711
42773,42785
19350,19349
3963,3256
21413,21418
59403,59418
2346,2190
29825,29221
32408,32412
20497,19757
4993,4714
16986,16947
36898,36713
57821,57747
38002,37716
9762,9728
35543,35253
36391,36362
9355,9343
2956,2928
79076,79043
19244,19113
22605,22587
1036,939
92200,91830
24312,24062
10588,10524
36664,36650
7869,7783
33221,32999
13529,13499
41691,41583
5616,5466
4568,4557
146507,146506
43875,43829
2054,1970
16879,16793
28264,27973
55222,55198
17920,17879
53443,53422
11698,11590
18029,17758
101172,101477
3269,3280
25743,25507
23680,23232
1737,1664
82304,82138
13799,13562
28891,28826
8618,8595
36730,36700
10449,10318
40862,40109
37676,37649
16841,16835
43368,43380
15971,15102
58141,58140
66456,66411
14337,14227
19733,19770
1709,1309
15029,14730
16364,16238
71193,71174
53053,53095
12959,12701
12617,12727
26348,26260
26864,26666
35493,35492
18668,18179
27449,26990
23586,23500
37354,37363
122016,121942
32950,32669
62241,62175
51602,51492
33292,32979
49142,49235
27021,26698
38391,38283
4425,4311
53906,53877
49051,49014
51173,51303
1312,1285
150379,150346
88816,88779
5453,5423
35118,35158
6688,6451
39467,39338
35437,34620
8297,8358
41357,41347
50187,50190
44269,44261
53310,53310
10843,10848
59690,59653
29783,29842
44167,44249
37142,37133
14329,14401
9485,9492
3389,3240
88283,88214
24739,24681
47193,47273
37644,37617
55018,55037
27855,27458
9828,9761
14799,14800
5547,5421
20441,20434
37626,37298
10014,9877
53680,53651
29734,29588
183974,184496
20076,20067
13831,13835
78156,78093
79875,80024
1701,1706
69473,69430
51555,51545
56613,56356
3863,3826
19045,18746
3344,3337
41944,41952
14397,14293
4911,4861
24636,24608
56575,56455
28841,28898
7978,7783
38819,38754
14460,14547
12165,11966
2845,2830
8143,8354
38558,38018
52754,52736
26595,26608
101264,101290
20051,20015
1193,1078
28361,28334
21213,21126
1634,1571
29017,28696
27981,28082
16325,16303
4224,3535
133571,133543
68931,69107
806,797
53360,53315
156311,156391
86933,86739
13090,13088
22069,21963
43404,43090
60078,59772
22780,22626
4634,4438
35159,34702
17641,17627
19904,19777
7807,7609
30673,30657
41618,41581
23296,23328
209617,209636
15920,15921
44403,44371
58824,58566
23933,23672
5017,5000
46930,46911
61310,61220
71426,71395
63704,63754
14946,14955
102067,101720
25856,25669
22131,22115
10708,10280
10061,9979
18545,18531
18780,17735
33921,33847
57216,57269
7525,5913
4419,4427
37086,37188
28466,28438
8241,8251
13618,13618
4732,4729
38414,38380
29932,29974
11914,11921
42405,42405
2879,2880
8599,8589
12130,12130
16466,16467
21374,21374
6770,6752
18554,18554
24119,24126
1592,1594
3758,3766
8358,8360
16254,16253
29276,29278
37251,37194
21877,21882
6466,6468
6681,6676
17437,17440
26150,26150
26032,26035
4446,4446
14912,14914
22890,22881
38354,38355
9761,9758
21082,21077
8079,8080
3138,3138
64981,64981
6313,6308
43114,43101
14445,14440
27475,27465
52899,52872
37359,37362
2775,2783
23178,23173
14619,14616
55676,55666
17186,17185
14987,14983
19235,19249
29768,29777
7496,7495
22981,22976
6435,6404
55469,55465
24424,24427
30499,30497
11599,11461
7611,7604
27432,27432
8085,8087
11387,11361
6226,6216
45245,45247
42830,42822
8295,8300
11944,11933
2628,2600
9618,9616
6848,6851
22506,22507
19293,19296
7564,7564
55764,55761
5322,5302
15381,15386
4875,4882
4861,4862
37644,37641
6257,6263
27126,27126
44255,44253
26493,26494
25460,25459
53215,53218
15898,15897
29686,29691
47208,47212
19841,19843
26378,26377
109253,109254
52779,52775
8242,8245
10460,10445
29855,29857
8274,8280
72584,72590
7738,7748
9894,9879
5811,5808
57930,57920
117727,117461
11544,11320
6252,4676
77512,74294
2507,1877
2106,1708
106870,106829
94125,94092
4868,3570
1966,1710
7521,7503
83234,81678
2871,4312
1741,1567
76464,76427
7198,6533
69878,70143
49327,48899
89345,89549
80041,79845
26798,26617
257871,257790
42671,42168
4388,4378
369555,369545
4266,4174
292723,292495
2092,1712
129173,128510
4298,3381
2216,2003
298775,298825
9371,9806
14786,14705
116807,116788
3701,3007
53027,44121
566853,566758
18968,19237
286043,285724
32586,33690
56572,56506
3157,3105
106618,106673
77267,77255
120981,120734
232238,232225
2095,2260
41327,41662
55792,55731
7951,8208
5782,5967
24070,20692
9821,7146
8653,12208
342061,342061
14327,14313
33243,32629
59577,59158
14370,14306
88297,88224
127002,126890
63859,62241
17571,17644
4752,4764
43584,45010
405114,405102
32276,26936
85441,85457
7627,7883
57318,56667
80570,80450
31667,31663
412019,411446
2839,3724
2410,2253
48297,48637
202621,202502
90076,89680
1266,1109
27953,28193
1607,1867
20854,20733
15063,14912
11573,10954
25528,25531
12892,12807
102036,101220
374777,375360
2040,2132
5452,5178
74200,74252
16831,16507
96476,96804
3811,2455
42637,45405
37920,38681
41316,40530
22468,22448
9294,9861
3754,4321
211199,210811
8237,8205
10460,9966
84963,84832
1700,1624
172400,172403
151867,151834
39976,39809
8899,8396
63425,62748
118126,118028
7174,6644
2026,2046
2334,2286
58170,58066
33435,33394
6481,6019
3046,2760
11607,10733
4575,2640
16915,16782
4214,4471
175732,175661
77196,77200
100254,100000
74891,74256
114281,114163
6087,5009
17925,18198
62429,62198
51814,51734
12771,11723
53738,53638
4889,5067
5620,7279
23947,23909
16418,16917
42430,42469
69333,69287
4408,4296
1655,1377
62505,62176
8529,7873
174147,173701
19154,23143
93158,93310
48412,48290
22768,22745
5180,5262
164095,164042
6558,6640
87912,87894
32060,32018
202793,202470
53656,53650
2842,2282
62204,62323
22825,24066
325840,325767
6937,8520
4458,4323
97794,97822
5991,4793
40074,40026
5563,5257
364026,363951
159692,159666
142009,141943
162408,162406
37741,37618
44949,44724
14505,14420
23730,23548
71229,71241
7475,7822
15916,16922
14643,14107
21969,21003
9054,8942
122211,122228
2150,1809
105367,103782
127088,127112
99947,99677
114027,113758
16950,16954
64441,64069
109621,109542
231537,230291
55333,55329
33360,33238
109591,109574
3184,3530
219153,219073
5318,4894
30751,30695
95950,95918
103598,103950
11699,12255
263933,263887
6596,6185
1525,1385
12458,11834
39730,37513
157711,157840
6902,6484
46054,45911
350411,350086
3152,3123
10786,10510
30183,27783
32142,32136
64140,64127
281197,281789
72606,72589
9456,8660
26351,27715
307123,307533
8614,8357
262896,262861
118416,118366
247136,246911
10761,11192
24437,24417
8315,7996
74168,74466
10103,9875
282197,282101
21298,23514
3128,2402
1861,2491
16300,15532
6338,6894
98475,98217
113373,113337
48923,48031
321783,321656
90986,90988
6912,7945
747,718
10152,10113
5997,5639
9533,9444
3049,1955
305386,305638
3693,3322
33170,33106
5596,5464
1567,1433
116885,116154
7680,10353
24041,23531
82387,82353
6787,5084
3145,3322
8673,9853
7893,6024
4850,3778
8205,8794
52561,53061
3376,4505
4239,4755
65866,65685
16149,16144
6068,5543
9879,7014
277647,277626
4885,4999
8093,9205
31278,30196
6696,5443
7117,7083
6087,6963
8805,8778
55593,55334
58554,58536
37610,37451
16030,15989
107145,107097
81887,82025
162775,163389
1997,2640
243517,243523
125339,125311
7230,7082
34222,34205
4550,3205
25403,23740
49369,49229
5432,4318
3473,2550
130825,129091
42236,42225
116982,116900
1979,2193
2369,3562
6368,9793
11159,12044
60443,62032
9583,9602
7012,6200
1210,1073
4895,4277
4109,4758
106318,106246
10502,9575
4637,4031
3714,3443
40508,39882
4384,2748
7979,7964
1586,2958
30671,32264
105210,104956
5498,4650
22437,22195
10031,9320
1021,991
1566,1502
47097,44063
39450,38044
48661,48611
32865,29785
29437,27536
56730,44673
9654,8628
2036,2607
6210,8599
25665,23247
19819,19789
33817,34442
1767,1824
82757,82629
2514,2342
86177,86274
4135,4157
1420,1339
89667,90777
72272,71415
3628,3617
5013,5872
54091,53179
3955,3993
89976,89559
77773,77755
158695,158678
17440,17387
13360,13979
13707,13302
5177,5351
25933,26237
15951,15558
23385,23341
3135,3084
3289,3072
15297,13760
101865,101553
55024,55044
1603,1496
39872,33843
7769,6652
9977,10109
3574,4983
4953,5831
170024,172084
41445,41712
2032,2146
2557,2406
3788,3845
78831,78905
61354,60950
66823,66397
19724,20392
2303,2248
73483,73483
4548,4491
49400,48048
163539,163535
37277,31425
39798,40373
1717,2290
26656,26767
4277,4574
52870,52799
2102,2004
86228,86982
11191,10528
1848,1625
14925,10883
14519,13975
60627,56137
47980,47955
148097,148029
85830,86333
4540,4054
1721,1735
4191,4637
11643,12124
12115,11822
1409,1229
10839,10728
154722,154824
4314,3514
29618,27152
7954,7665
61305,61267
27441,27015
1311,1128
47331,47092
36762,36787
128663,128654
109261,107935
17654,17625
11125,11015
52300,51837
65060,63136
36124,36124
2261,2527
1796,1664
166402,166073
49453,49403
104396,104377
6865,7766
16964,19310
12147,12106
9502,9436
13381,13445
53918,53529
32212,30794
3160,2311
52165,51335
71950,71917
165646,164825
37477,37460
2433,2368
38689,35789
1810,2011
57186,57143
32836,32743
89623,89629
37648,35433
1845,1843
144661,144612
55916,55922
75020,75174
27636,27518
2936,3203
124492,124441
5926,5916
5679,5796
16972,16811
2377,3914
2146,2293
2263,1207
5727,5748
155801,155642
74622,75611
2973,2200
20043,19447
37880,37616
4343,3361
73023,72940
3706,2934
33188,33175
109738,109694
140040,139921
1644,1668
75017,74954
8227,9790
52309,51696
6135,8903
3354,1788
139571,139385
12756,12503
59834,59875
93227,93169
29804,29688
17634,16858
83578,83887
17964,17441
45071,45046
60098,59966
55166,55094
30489,30469
11499,9907
2434,1893
4571,4438
107011,106976
2040,2106
71483,71832
5060,3817
7434,8360
34977,35014
33737,34834
5458,6431
56582,56618
16420,15229
10106,10098
72949,72852
14575,13996
28451,28446
5766,5768
940,926
1780,1668
2489,2441
13249,13249
7696,7492
5109,3625
10008,10492
20268,20397
13457,13452
16368,16346
17058,17056
15611,15611
26757,26668
3459,3360
909,1214
4727,4650
36117,36097
13563,13506
38638,38638
1964,1769
7447,7279
9299,10055
12134,12074
48554,48540
2474,2159
11024,11328
5963,5941
38489,38454
12147,11822
6685,6576
7923,7920
7125,7106
6199,6204
28362,27766
1592,1542
38216,37923
25420,25341
2498,2423
45992,45992
3842,3959
25690,25705
2520,2547
35249,35353
35322,35324
14749,14723
13170,12894
29206,29164
24232,24353
3910,3909
1922,1618
22286,22266
20971,20438
10860,10862
13865,13866
13812,13696
53669,53636
16657,16550
17822,17815
13148,13119
16030,16025
970,882
19716,19676
2009,2428
2371,2788
25937,25937
20043,19865
29000,28461
5433,4929
13267,13158
26976,26612
20632,20617
28873,28851
7293,7149
6900,6886
15180,15166
4449,4458
1887,2684
21489,21483
3449,5856
29227,29205
2113,1634
36475,36332
25129,25120
22694,22402
16483,16463
5488,5753
44346,44343
39026,39035
19318,19302
21054,21078
14339,14749
10379,10558
11034,10998
3582,3660
7482,7516
38133,38097
3668,3643
16455,16453
6453,6529
2935,2899
8974,8954
2330,2309
9880,10066
12231,12181
13776,13713
1097,948
15503,15501
5929,5889
15043,14997
13490,13467
13946,13574
5716,5990
3664,3782
2392,2371
19090,19011
2264,2248
12822,12807
17666,17611
9961,9951
5719,5633
23407,23408
19912,19902
18572,18513
8459,8267
5004,5057
15407,15389
3743,3611
4697,4692
17464,17448
29639,29436
3939,3788
10665,10368
9122,9097
30822,30686
13565,13532
19202,19109
17166,17298
21412,21238
2095,1767
33629,33513
11761,11724
2137,2178
24387,24396
33912,33991
13292,13261
5796,5777
16055,16048
9943,9928
25426,25401
13727,13725
12875,12836
10198,10235
7297,7309
17674,17492
23216,23222
9084,8268
16779,16780
15164,15071
3929,3833
20811,20806
5571,5796
5368,5388
8719,8683
18073,17971
18107,18103
10860,10856
8692,8686
8961,8768
2352,2504
32780,32781
26384,26209
25564,25489
9353,9358
3881,3903
21424,21672
6265,6224
8509,8498
14739,14691
12025,12054
11717,12322
31700,31703
14807,14730
4633,4645
5163,5053
20091,20033
7009,6959
16177,16159
8060,8042
10808,10844
13419,13402
10408,10346
15524,15530
19547,19477
3645,3598
2793,2737
4592,4580
9996,9993
20976,20971
28672,28597
1238,1156
15752,15729
17496,17477
32846,32780
5119,4515
85595,85637
16408,16614
14713,14719
15063,15058
1776,1430
20999,20767
4767,4676
11699,11395
18244,18632
31969,31982
55259,55244
8905,8926
28256,28250
36641,36524
21828,21839
31740,31732
5603,5273
8649,8455
30311,30290
25417,25423
19854,19748
1861,1890
24064,23318
1255,1590
8131,8105
38206,38187
1524,1060
32752,32767
25758,24965
35462,35375
41238,41176
33187,33176
21119,21041
20686,20604
11899,12236
19637,19521
22208,21471
3175,2784
3213,4216
1279,1082
5269,6007
5422,5392
27999,28005
43453,43448
1854,1831
27512,27507
5587,5521
24264,23755
37567,37555
4081,4135
3708,3592
7765,7730
13995,12545
2623,2557
3472,3290
2011,1985
4354,5203
40654,40634
2874,2800
25474,25361
11415,11250
11280,11262
26572,26438
21672,21202
23508,23508
24956,24956
14410,14397
9443,9636
8609,8638
2496,2946
26127,26096
7543,7655
20576,20930
14522,15134
28677,29409
40150,40072
13695,14008
8732,8476
29172,29170
2143,2145
3138,2927
3756,2689
3030,4043
22435,22496
13796,13711
9863,9095
14612,14312
1259,1276
1822,1867
1519,1608
25552,25555
61405,61389
2171,2255
8067,7990
20245,20341
11779,11776
646,624
2246,2245
6589,6590
10762,10762
17526,17531
17293,17285
30353,30340
8417,8419
24062,24066
14190,14267
8685,8363
14036,14018
5779,5533
24247,24247
8082,8051
21361,21332
11383,11377
9930,9919
998,1002
4101,4112
9746,9743
6877,6877
29829,29820
17021,16982
14128,14113
15256,15207
4749,4751
16203,16201
29828,29805
7215,7217
10518,10502
24397,24404
16821,16814
3879,3878
3087,3090
23362,23363
16668,16661
29319,29318
30937,30931
8668,8665
6417,6418
32396,32333
15664,15672
17185,16972
20243,20243
7446,7153
7556,7562
13481,13436
6241,6240
10146,10138
5045,5032
4751,4751
12966,12951
12100,12098
14059,14081
32702,32685
23210,23164
17062,17065
4363,4345
14974,15036
5535,5520
2243,2237
28372,28372
29784,29763
23470,23283
15247,15155
5061,5032
21193,21195
19689,19694
14784,14788
4713,4713
15354,15369
29312,29288
8025,8021
12895,12821
22154,22094
4192,4190
4032,4039
18829,18833
12832,12765
20992,20992
30733,30721
20037,20041
5790,5804
18521,18427
11441,11430
5737,5734
9021,8988
3178,3624
12804,12808
14792,14813
24314,24492
19232,19082
11257,11240
7121,7189
12411,12372
14007,13994
7321,7312
16481,16435
54303,54286
79739,79651
87566,87563
74098,73619
58137,58083
59736,59727
49900,49711
2215,2310
17347,17997
2132,2492
44240,44236
81851,80767
2214,2252
74145,74010
34487,34474
26269,26251
11410,11300
29745,30074
2982,3024
91685,91529
18003,17976
16144,16027
9557,9555
21450,20819
3322,3406
67073,67085
29330,29193
14400,14134
21108,20614
27804,27631
5954,5887
57413,57311
28674,28615
11319,11319
50669,50803
1600,1571
12350,12318
38710,38545
110980,108890
33257,32722
58894,58881
29797,29698
6687,6673
3817,3736
57190,56804
3503,3475
9061,9052
9923,9766
2436,2842
37795,37558
70233,70187
3617,2796
4739,4705
81134,81136
17283,17254
30597,30598
39279,39274
35685,35113
69709,69702
1907,2109
11063,11012
73664,74300
30704,30543
20818,20817
61707,61643
13959,13915
17816,17990
3172,2580
34115,33906
84858,84745
6003,6000
6524,6498
18889,19105
6837,6821
4291,4000
39714,39671
48924,47926
15682,15633
19672,19668
82075,82100
56937,56916
29152,29120
24038,24021
21065,21077
3020,3313
6205,6409
10121,9928
44405,44708
26686,26509
5364,5357
7865,7851
32042,32017
16978,16939
62310,59937
9221,9137
10763,10763
21911,21921
19410,19412
85234,85219
36399,36424
83589,83579
7629,7607
60096,60080
31915,31838
166717,166713
89542,89579
142925,142910
92160,92168
10923,10949
16386,16338
48895,48866
78762,78923
106886,106885
120893,120874
239446,238926
24904,24882
237188,237180
35802,35624
18445,18350
68915,68904
199210,199236
57967,57884
104080,103962
30404,30306
6250,6450
125698,125686
68098,68074
35017,35005
9916,9879
182704,182620
164913,164898
7048,7040
9502,9488
116735,116716
28509,28517
82858,82827
158526,158470
58645,58648
154317,154284
5281,5261
202917,202940
148826,148818
33726,33724
142496,142510
153957,153916
25575,25571
92548,92540
201570,201490
51969,51971
192266,192241
81102,81468
117570,117459
102768,102816
81001,80982
15229,15213
169832,169834
16223,16262
29400,28874
44531,44470
182783,182721
47095,47089
36581,36584
146663,146642
192422,192286
21590,21544
127330,127339
62487,62485
101599,101670
29982,29920
51550,51532
96495,96459
9981,9997
214879,214886
225726,225723
43635,43613
29330,29326
34328,34296
64190,64182
124838,124842
8644,8675
140697,140685
65715,65722
13937,13924
92441,92432
34886,34879
106749,106748
20940,20917
36950,36948
165579,165550
49943,49921
106471,106436
11800,11778
12627,12475
8129,7958
136371,136362
38079,38047
37590,37588
124866,124826
92874,92873
11736,11733
57927,57928
54174,54174
8049,8048
134450,134451
65046,65047
25889,25889
27769,27770
39019,39019
36960,36961
72494,72494
19496,19496
60848,60848
26367,26364
160591,160591
82305,82305
26103,26102
82425,82425
95277,95277
44145,44145
53587,53588
73218,73218
98883,98884
17416,17416
145277,145277
54737,54737
21676,21676
15058,15058
112911,112911
3757,3760
83258,83259
30867,30867
49420,49421
39561,39561
33547,33548
67424,67424
15629,15629
88759,88759
78174,78174
78176,78178
28322,28324
52175,52173
72704,72704
18444,18444
37880,37881
115684,115685
3273,3273
50745,50745
36822,36822
48982,48982
166575,166575
142904,142904
76446,76446
51941,51941
158353,158353
81746,81746
45286,45286
173293,173293
41839,41839
103407,103407
16709,16710
40166,40166
160768,160768
142607,142607
20484,20484
32359,32359
24613,24612
26331,26331
146217,146217
16410,16410
17741,17741
24487,24486
142799,142799
36107,36106
10154,10154
132601,132601
30057,30057
141721,141722
49012,49011
29798,29799
5747,5747
25522,25521
70530,70530
131492,131492
52468,52468
71350,71351
17885,17885
125638,125638
51997,51997
37594,37595
82184,82184
74990,74992
57399,57399
139531,139531
9513,9513
48317,48317
29337,29337
76372,76372
94299,94299
207731,207657
3934,3819
57769,57537
54258,54225
125534,125466
212009,211960
163726,163869
208379,208347
40442,40432
32169,32157
178617,178614
155969,155749
193179,193175
237758,237983
67487,67478
5854,5765
128412,128370
129561,129511
50188,50093
28716,28733
236588,236515
85375,85326
23991,23967
51597,51391
121119,121082
169633,169549
233890,233746
149115,148971
59587,59400
86964,86869
85200,85164
110480,110331
176619,176547
129054,128954
224104,224183
134319,134221
36848,36823
113687,113692
119810,119786
176925,176866
36382,36367
2361,1540
214408,214374
237208,237023
118893,118950
199819,199846
110184,110162
200124,200062
91679,90072
45824,45782
44120,44114
224428,224357
111858,111762
8214,8290
228776,228709
239115,239051
8805,8792
236122,236076
44668,44662
56390,56340
167933,168055
9544,9537
226804,226807
95848,95861
169206,169174
111650,111612
92620,92587
103006,102997
179441,179469
206649,206546
200266,200233
238878,238853
40950,40937
237535,237427
98936,98932
157012,156843
125618,125711
212406,212336
120764,120736
212382,212333
1241,1099
90107,90109
1178,1314
139654,139835
77614,77525
158095,157919
10309,10625
96305,96282
10415,10370
58575,58550
198819,198811
49754,49716
200524,200540
237480,237415
76020,75759
247302,247284
74318,73945
88402,88443
76129,76023
136549,136490
122236,122235
135400,135400
48715,48714
168030,168025
40425,40424
65418,65419
71645,71642
148973,148979
78476,78449
56880,56885
8611,8609
187016,187017
193306,193307
103049,103048
167563,167564
33570,33571
203459,203451
17749,17752
81261,81260
160272,160273
19274,19277
151121,151123
131811,131810
29301,29312
66818,66816
8589,8588
54823,54823
114810,114814
80989,80989
203490,203492
46369,46368
82050,82052
61103,61101
144633,144619
18277,18277
94572,94570
37222,37222
41230,41234
159174,159172
31992,31994
188626,188626
74290,74291
148741,148741
50555,50551
161963,161963
79351,79352
43456,43455
167182,167184
17039,17040
56199,56201
163980,163982
8561,8562
14445,14445
188469,188468
129982,129983
151518,151522
195232,195232
40098,40098
47077,47078
42505,42505
123809,123809
38908,38906
142257,142258
148319,148319
78070,78064
174622,174623
101960,101959
51498,51497
60689,60685
41078,41079
160680,160684
71966,71966
58000,58004
41436,41435
15287,15288
197852,197852
205023,205023
48763,48763
54159,54161
40613,40613
194841,194836
58068,58071
17728,17744
90782,90779
63465,63465
186670,186671
26137,26138
46979,46978
61436,61435
47274,47277
32104,32106
69567,69565
200759,200758
8691,8690
129531,129530
43558,43558
94455,94454
187087,187088
98074,98073
154740,154741
193087,193090
94208,94203
225946,225925
179238,179245
64167,64168
39541,39533
14823,14825
146081,146081
131179,131177
199410,199383
57744,57758
12985,12985
194314,194318
126938,126931
102355,102337
43954,43960
32227,32226
136024,136020
77147,77152
42011,42011
10676,10673
41275,41222
100111,99939
230128,230180
21480,21464
196018,195993
12610,12603
28769,28770
8456,8462
95063,95066
185732,185730
25569,25566
201958,201941
21340,21329
84389,84384
31281,31275
84715,84715
53862,53857
47524,47529
89633,89623
159275,159272
68330,68331
120273,120278
118862,118854
150648,150655
168255,168248
194506,194504
70870,70873
213509,213513
73636,73636
182679,182676
111538,111533
208891,208894
144393,144394
91469,91470
167321,167311
73964,73954
213431,213433
71723,71725
41594,41601
130752,130751
230188,230233
71946,71946
93657,93632
199838,199834
172029,172031
160691,160687
113953,113957
38709,38711
90451,90442
152704,152701
159891,159840
151887,151886
130536,130530
180400,180402
230261,230391
13679,13686
107890,107896
10976,10980
60054,60051
86201,86210
103044,103043
98600,98597
7414,7400
59120,59147
32955,32960
147399,147406
83914,83905
42797,42793
19082,19080
60209,60204
137629,137624
210419,210419
15316,15322
130219,130221
62326,62335
160614,160609
16627,16627
157204,157191
213010,213010
5153,5070
24031,23626
61208,60659
22536,23167
94708,94697
12642,12621
7828,7856
16569,16604
32773,32753
10227,10225
20047,19769
39981,39975
34135,33494
10585,10588
51787,49381
27464,27462
5886,4065
12675,12624
98166,98142
26767,26739
8132,8131
6414,6392
8639,8631
3331,2553
27095,26830
34443,34360
56853,56697
4417,3504
62216,61288
11828,11819
4169,3277
20143,20076
72490,69737
39092,38315
59384,59385
7628,7597
62088,59963
14003,13964
12135,12541
3458,3445
23638,21654
73452,69626
12267,12277
28057,27773
6623,6612
3551,3445
2019,1691
117800,117795
25461,25420
3047,2426
6587,4389
16650,16611
4345,4347
9403,8118
9276,9350
21757,22321
15217,15219
2206,1950
3955,3954
12011,11981
115640,115637
32224,32222
12736,12371
54239,54201
4437,4457
16603,16581
8408,9332
3988,3963
13361,13335
18379,18368
43910,43266
21334,21308
14855,14507
23734,23515
7996,8020
6894,6887
12536,12538
27505,27491
11039,11029
20419,20398
23364,22390
23704,23527
4908,4917
48731,48071
35087,35073
52567,52674
12830,12827
3450,2883
20277,20242
4004,3783
23284,23275
2389,2640
13615,12773
8690,8551
11765,11755
15526,15512
24214,24220
5377,5372
5340,5344
32284,32286
83094,83078
33753,33732
70337,70316
20422,20418
12407,12399
15316,15331
23909,23911
14175,14181
30314,30286
13942,13460
32612,32607
13626,11399
9394,9347
7077,7044
8192,8187
33810,33797
3977,3967
16003,15981
8069,8058
10504,10353
39455,38645
15660,15647
29293,26689
7821,7842
46613,46583
63346,63324
8834,8816
11418,11393
15227,15199
19536,19537
53495,52927
16447,16439
21696,21701
13539,13550
17983,17988
123011,123017
11568,10365
26474,26300
9567,9539
2433,2419
18274,18258
15306,15252
23410,23380
5170,5152
11932,11920
47141,47142
5677,5663
12474,12263
15895,15868
42185,41288
12652,12644
4447,4445
43265,43262
20351,20342
6426,6445
16997,17001
7853,7890
44188,44178
25093,25099
5734,5633
16705,16665
21871,21876
3695,3686
26857,26849
13851,13850
67332,67815
12738,12720
38895,38888
44234,44219
29430,29284
3547,3545
8962,8930
19209,19181
11205,11188
22871,22870
3895,3895
27571,27567
20093,20098
9941,9942
56269,56272
14729,14719
75373,75357
27954,27943
50094,50055
4025,4024
4729,4748
13698,13304
31568,31563
16740,16750
12071,12028
68037,67480
27252,27258
98474,98469
9295,8149
12087,12087
2836,2816
24306,24312
97147,97152
6830,6829
22798,22792
4274,4268
5770,5767
7057,6964
32811,32814
43087,42666
5506,5513
18183,18175
8848,8853
12405,12391
11912,11922
27899,27909
7117,7117
14242,14238
6863,6860
18403,18413
17426,17172
31453,31457
72652,72645
84175,84177
21315,21305
17043,17013
54146,54144
30703,30701
23112,23099
22276,22261
6428,6427
4346,4346
6400,6374
21130,21134
8307,8307
27346,27344
32575,32553
35456,35445
5547,5547
43828,43826
43816,43823
12542,12548
15196,15180
16622,16611
8563,8552
9341,9329
64651,64652
14276,14265
13715,13718
30562,30533
5954,5958
15713,15708
16664,16653
15208,15206
17703,17700
16169,16169
17437,17418
64007,64010
15710,15708
70146,70128
20080,20083
9100,9094
13418,13422
14463,14464
9866,9864
24588,24571
19088,19083
28021,28010
64903,64360
23266,23266
32875,32873
13691,13688
4223,4202
24525,24461
17653,17645
12184,11958
82261,82259
15600,15580
30138,30139
36700,36700
12600,12576
3297,3276
26734,26743
21451,21455
67173,67169
22211,21974
10358,10361
11569,11564
29787,29781
23827,23828
13141,13115
18510,18485
15176,15183
33421,33419
6609,6622
55596,55597
8478,8467
18962,18959
34204,34200
8528,8530
8936,8925
2465,2466
7804,7799
29768,29767
3187,3175
70049,70050
12544,12540
8213,8218
26008,26004
23710,23721
15364,15363
27127,27124
44524,44526
6498,6494
13268,13275
4034,4031
3653,3642
22836,22833
10449,10455
2031,2032
30418,30423
13299,13294
21603,21610
8911,8887
4188,4194
36636,36632
19577,19569
21027,21026
6877,6881
20293,20296
14330,13994
14808,14813
37096,37098
14088,14089
5251,5246
49481,49482
12850,12848
34573,34550
7937,7932
31481,31483
12810,12808
17210,17212
2610,2522
10170,10157
6159,6162
10035,10038
8264,8263
4312,4308
9063,9060
22717,22713
21638,21612
7105,7108
19000,19002
9187,9184
2909,2910
15888,15875
16152,16151
8938,8940
36558,36558
26412,26417
72829,72826
9190,9193
53865,53472
9769,9772
3906,3906
18343,18342
7089,7086
21904,21903
9991,9991
6378,6371
24540,24543
13221,13222
14867,14862
6128,6130
38041,38039
14583,14583
75690,75679
6796,6757
18460,18457
29897,29895
4048,4054
8650,8649
22345,22338
7367,7361
16960,16957
25386,25388
12607,12600
24113,24107
18971,18969
13258,13258
8505,8500
19926,19930
19685,19684
47306,47299
9596,9574
7850,7847
12413,12419
14515,14512
11244,11252
38506,38507
22863,22862
6738,6740
29303,29306
23574,23575
14453,14453
7941,7943
36162,36162
39375,39378
19888,19885
10551,10553
45270,45265
24364,24361
5351,5340
29244,29239
6964,6965
35838,35840
5945,5945
16336,16332
5875,5876
36963,36948
44168,44168
13624,13619
4766,4772
13107,13107
19219,19224
21663,21668
10286,10287
8048,8041
54106,54093
17757,17757
26179,26168
24161,24167
8432,8417
15088,15089
40541,40541
21243,21243
13348,13347
5658,5650
48259,48255
30320,30321
31812,31811
10877,10875
42826,42825
26778,26778
23107,23094
65228,65229
22556,22556
19551,19496
2653,2621
22418,22417
36989,36991
22915,22910
10609,10609
39089,39090
5516,5516
30511,30510
54711,54712
31326,31326
39301,39302
1941,1949
78474,78473
10474,10475
12344,12343
36777,36774
5065,5067
20623,20618
37442,37445
25817,25820
44921,44922
17303,17304
22722,22721
20558,20554
13031,13029
35562,35563
13203,13203
6525,6526
35663,35665
22423,22423
19876,19878
29503,29501
46723,46726
22719,22715
14079,14074
17018,17018
12693,12692
18481,18462
3835,3837
15763,15764
13937,13941
37342,37343
9291,9292
45831,45832
79900,79893
26560,26551
6248,6250
20563,20564
33040,33039
12079,12077
33507,33510
7764,7762
4509,4509
12208,12210
11314,11317
30274,30270
2352,2321
4780,4794
46534,46531
12217,12219
24343,24336
44391,44378
8852,8852
33485,33500
9699,9685
10122,10081
22053,22050
20515,20508
74939,74941
21489,21499
36451,36446
12885,12898
15037,15032
3492,3503
58298,58263
28176,28163
42062,42043
39202,39169
58598,58612
59439,59397
63025,63029
45252,45255
54943,54947
4577,4547
9249,9237
28437,28434
26214,26214
40866,40920
9417,9413
29218,29219
35050,35054
37556,37555
9109,9109
26062,26065
9343,9198
27204,27203
10800,10755
30526,30532
31465,31466
19489,19486
17307,17306
8781,8774
14670,14672
43021,42976
9844,9847
22226,22228
10198,10111
25171,25175
10913,10913
28651,28638
11123,11130
9138,9134
7153,7147
20855,20858
12725,12690
8038,8040
16527,16525
55508,55506
42769,42758
9582,9556
51763,51774
58848,58854
54675,54673
12400,12402
12870,12810
9677,9668
35350,35351
31413,31422
10414,10407
31306,31273
8022,7986
62240,62231
15566,15578
43605,43614
15326,15328
19182,19186
14162,14150
28697,28699
12353,12368
10226,10238
9771,9702
50004,50005
8534,8531
40341,40357
47659,47657
11752,11753
57239,57240
33387,33384
22242,22242
15795,15786
3895,3898
23869,23876
56388,56390
20707,20711
44435,44438
78455,78447
63208,63209
11356,11378
21612,21635
36430,36417
69849,69844
58791,58789
23330,23133
94131,94146
11929,11928
10858,10857
63046,62891
31102,31091
12095,12063
4550,4338
37110,37033
20660,20665
24087,23966
10882,10886
13555,13053
26725,26994
11657,11649
25413,25293
44777,44737
54410,54392
8713,8709
41522,41409
42400,42276
92702,92675
42230,41936
51619,51599
13861,13818
9743,9739
48292,48623
24348,24201
95978,95942
27478,27359
12260,12268
43084,43039
81071,81062
53206,53185
29633,29595
20801,20775
11109,11109
70525,70664
4114,4124
41404,41374
13025,13014
19253,19244
110708,110667
104971,104972
32798,32742
46814,46823
43762,43718
9277,9276
33745,33742
73094,73027
48161,48154
11600,11570
20638,20607
61434,61436
12768,12755
90795,90797
26559,26513
6682,6668
45798,45645
165557,165516
8789,8685
37468,37357
24806,24832
17954,17955
61900,61859
75715,75774
32835,32694
15410,15405
34580,34571
36451,36455
5681,5646
32537,32538
4867,4869
28430,28406
23985,23991
16252,16264
5443,5438
27333,27336
88672,88302
80172,80167
12084,12029
48538,48236
9963,9964
5763,5571
105752,105712
107616,107556
48112,48133
26387,26332
13258,13263
21555,21560
38963,39088
35917,35888
23952,23922
43164,43155
5467,5397
62108,62108
43085,42649
25500,25418
105783,105691
4369,4318
91812,91280
43597,43542
28319,27852
46730,46722
18447,18277
28805,28719
29232,29008
84319,84357
8982,8683
14503,14038
27003,26687
19990,19984
106384,106236
90293,89289
13073,13048
41737,42029
75925,75893
47626,47546
18627,18584
83702,83032
22778,22717
51871,51861
55179,55167
24628,24596
9349,9335
28668,28590
31104,31093
38890,38874
42718,42693
59627,59627
28661,29157
89751,89751
26318,26219
7214,7167
16346,16301
9593,9587
38838,38113
24425,24429
3250,3236
6013,5894
6257,6223
31823,31704
41133,40815
42367,42267
2712,2646
67869,67864
34288,34269
4719,4721
36848,36775
17958,17959
18153,17609
34342,33485
11958,11940
10105,10147
67110,67223
47887,47845
31160,31108
28716,28883
81366,81331
37673,37673
72773,72473
50551,50713
50761,50395
155492,155456
26579,26582
26693,26671
35254,35258
55273,55249
4372,4102
188534,188505
29750,29751
32296,32253
35853,35809
47447,46446
19524,19522
5335,3605
25811,26146
96578,96670
46411,45764
42086,41807
43544,43528
34390,34337
51631,51606
56008,55980
3923,4307
102960,102907
18762,19116
60930,60856
63570,63576
36855,35552
16163,16031
16997,16703
37125,37228
169425,169346
36462,36459
18975,19166
12378,11479
25793,24602
26879,26848
27448,27434
36601,36567
1394,1356
44679,44758
21636,21616
72505,72406
107227,106922
42724,42642
26938,26495
21761,21706
27328,27309
12114,11421
65498,65472
42741,42484
37737,36796
23352,23365
10047,10009
38710,38699
46005,45943
69161,69114
50522,50498
46789,46584
98628,98524
51125,51438
41107,41154
3957,4076
10180,10088
11770,11746
22377,22467
28521,28492
66252,66218
12188,12126
46548,46546
47207,47239
37569,37533
3869,2955
59622,59616
58141,57967
16650,16598
72326,72293
30309,30284
22998,22912
24877,24851
14312,14246
68898,68652
97292,96984
59719,59666
40736,40753
42605,42444
126939,126847
48637,48330
49105,49082
19635,19568
11685,11670
19467,19440
1879,1865
19605,19571
5125,5105
23196,23132
22029,22157
73134,73027
37470,37054
18732,18582
7103,7114
42955,42940
33831,33847
56837,56800
44140,44092
56782,56798
17639,17635
77813,77801
58658,58628
70837,70086
77086,77114
10427,10377
14626,13443
130163,130560
29139,29109
1622,1732
17514,17471
21464,21463
125226,125229
179314,179235
26737,26651
15538,15059
30882,30859
56660,56706
3673,3639
20203,20213
10251,9960
18132,17938
25425,25220
50862,50815
35755,35748
50872,50345
10941,10933
22993,22977
6524,6524
35686,35677
10998,11002
5570,5571
52613,52612
12856,12852
6603,6607
20246,20252
8872,8875
34042,34036
36075,36100
3891,3892
22747,22747
8139,8138
11304,11306
34047,34029
11018,11020
48057,48050
42193,42196
30116,30118
25782,25730
7370,7376
23064,23075
9290,9282
27359,27371
7862,7873
5334,5334
21147,21146
29656,29655
19784,19783
16078,16071
54550,54549
33777,33791
8027,8025
32137,32144
33726,33726
15764,15760
19014,19020
18817,18816
21224,21182
10094,10085
15532,15528
40648,40649
2181,2170
44163,44167
27315,27315
19117,19116
21809,21813
16219,16218
26412,26423
40847,40848
3307,3310
34856,34859
9247,9246
43512,43504
21747,21742
42932,42936
49206,49214
31458,31464
5634,5634
16928,16929
22463,22468
16604,16616
4915,4913
7975,7985
22672,22675
10091,10102
12336,12331
7443,7438
16994,16989
51003,51003
20495,20486
5734,5732
10927,10912
2988,2991
18459,18449
60812,60811
32774,32773
6876,6872
12944,12946
24780,24780
25394,25392
73067,73069
10247,10257
14127,14138
30041,30040
43209,43209
38136,38135
22806,22810
64265,64237
10941,10946
26588,26564
23379,23379
5012,5013
2624,2628
52933,52927
32756,32750
42881,42868
31023,31019
