map,rows,cols,nodes,pct_nodes,goals,d_start_goal,h_start_goal,pct_start_goal,explored_0,explored_1,explored_2,explored_3,explored_4,explored_5,pct_explored_1,pct_explored_2,pct_explored_3,pct_explored_4,pct_explored_5,elapsed_0,elapsed_1,elapsed_2,elapsed_3,elapsed_4,elapsed_5,pct_elapsed_1,pct_elapsed_2,pct_elapsed_3,pct_elapsed_4,pct_elapsed_5,changed_0,changed_1,changed_2,changed_3,changed_4,changed_5
16room_001,512,512,231350,0.88,2,397,304,0.77,15526,15526,15526,15526,15526,15526,1.0,1.0,1.0,1.0,1.0,17.42910385131836,14.323838949203491,16.401493072509766,17.811869859695435,15.042412757873535,15.945934534072876,0.82,0.94,1.02,0.86,0.91,,600,15078,9235,6300,4754
16room_001,512,512,231350,0.88,4,402,321,0.8,35209,32820,26436,26436,26436,26436,0.93,0.75,0.75,0.75,0.75,25.712349891662598,24.803887844085693,19.225006818771362,19.37194514274597,19.481904983520508,19.633833169937134,0.96,0.75,0.75,0.76,0.76,,1139,31788,21415,14659,11234
16room_001,512,512,231350,0.88,6,242,239,0.99,1861,1856,1773,1842,1842,1842,1.0,0.95,0.99,0.99,0.99,0.7195703983306885,0.770573616027832,0.6925981044769287,0.7005994319915771,0.6896076202392578,0.6956212520599365,1.07,0.96,0.97,0.96,0.97,,25,129,94,78,66
16room_001,512,512,231350,0.88,8,671,624,0.93,117206,114663,54479,54494,54525,54525,0.98,0.46,0.46,0.47,0.47,311.6964452266693,304.0237805843353,176.47249484062195,176.72129106521606,173.66707038879395,177.83171796798706,0.98,0.57,0.57,0.56,0.57,,1161,54820,34552,23399,17793
16room_001,512,512,231350,0.88,10,657,522,0.79,136072,119078,66045,65945,66180,65721,0.88,0.49,0.48,0.49,0.48,120.31946015357971,109.44363760948181,71.5362663269043,72.3417489528656,72.50170135498047,71.94900631904602,0.91,0.59,0.6,0.6,0.6,,1132,50083,45602,33609,26830
32room_002,512,512,246420,0.94,2,406,361,0.89,48310,48267,29224,29224,29224,29224,1.0,0.6,0.6,0.6,0.6,74.17472767829895,75.4640121459961,49.07602071762085,49.218944787979126,48.83515930175781,49.713664054870605,1.02,0.66,0.66,0.66,0.67,,561,28491,25997,17435,13128
32room_002,512,512,246420,0.94,4,473,400,0.85,34681,34159,20266,20952,22009,22993,0.98,0.58,0.6,0.63,0.66,28.54071855545044,28.081965923309326,19.369978427886963,20.15851378440857,21.231898307800293,20.414366722106934,0.98,0.68,0.71,0.74,0.72,,703,20403,15016,11065,8723
32room_002,512,512,246420,0.94,6,382,337,0.88,26909,26679,21280,22812,22812,22812,0.99,0.79,0.85,0.85,0.85,24.35715627670288,24.382148504257202,22.251322746276855,22.7430477142334,23.13282060623169,22.520145177841187,1.0,0.91,0.93,0.95,0.92,,696,17524,9987,7000,5689
32room_002,512,512,246420,0.94,8,252,251,1.0,975,956,1004,986,987,988,0.98,1.03,1.01,1.01,1.01,0.384782075881958,0.3637886047363281,0.3627893924713135,0.4557368755340576,0.37178468704223633,0.3527960777282715,0.95,0.94,1.18,0.97,0.92,,61,453,309,217,153
32room_002,512,512,246420,0.94,10,474,415,0.88,31060,28298,28129,28171,28171,28171,0.91,0.91,0.91,0.91,0.91,25.17661428451538,23.337706327438354,24.477030277252197,24.212222576141357,23.754486083984375,24.271186113357544,0.93,0.97,0.96,0.94,0.96,,892,23854,15777,11080,8542
64room_003,512,512,242206,0.92,2,693,602,0.87,97123,96358,70398,70398,70398,70398,0.99,0.72,0.72,0.72,0.72,201.42426133155823,202.10287380218506,156.69272875785828,157.9969985485077,157.62424635887146,160.82440400123596,1.0,0.78,0.78,0.78,0.8,,851,66168,43322,28865,21642
64room_003,512,512,242206,0.92,4,622,379,0.61,117449,92021,43712,43712,43712,43712,0.78,0.37,0.37,0.37,0.37,90.89024615287781,72.17291736602783,28.859573364257812,28.881564140319824,27.56031584739685,28.533743858337402,0.79,0.32,0.32,0.3,0.31,,1023,43936,27041,18983,14776
64room_003,512,512,242206,0.92,6,287,274,0.95,34894,34539,23177,23473,23473,23473,0.99,0.66,0.67,0.67,0.67,33.213045597076416,32.348551988601685,22.506176948547363,21.963504791259766,21.776573181152344,22.307273387908936,0.97,0.68,0.66,0.66,0.67,,804,19289,15973,12515,10721
64room_003,512,512,242206,0.92,8,169,138,0.82,20067,19361,12982,13153,13153,13153,0.96,0.65,0.66,0.66,0.66,7.776570081710815,6.991039276123047,5.187058925628662,5.163048267364502,5.343947649002075,4.951176643371582,0.9,0.67,0.66,0.69,0.64,,259,8148,6402,5467,4346
64room_003,512,512,242206,0.92,10,482,445,0.92,51522,65809,42822,42989,42989,42989,1.28,0.83,0.83,0.83,0.83,65.84749245643616,78.74214029312134,58.81248378753662,59.212339878082275,60.55655360221863,60.655463457107544,1.2,0.89,0.9,0.92,0.92,,2135,51514,31576,21365,16508
64room_009,512,512,254117,0.97,2,506,261,0.52,28713,28713,28713,28713,28713,28713,1.0,1.0,1.0,1.0,1.0,29.152392387390137,29.509189128875732,28.992483615875244,28.444777727127075,28.341856241226196,28.78460168838501,1.01,0.99,0.98,0.97,0.99,,742,28187,15662,10431,7825
64room_009,512,512,254117,0.97,4,372,231,0.62,38365,38415,31627,31627,31627,31627,1.0,0.82,0.82,0.82,0.82,24.216163396835327,24.398096799850464,21.486738681793213,22.12239718437195,22.53214383125305,22.022443056106567,1.01,0.89,0.91,0.93,0.91,,765,29357,18775,13316,10207
64room_009,512,512,254117,0.97,6,39,38,0.97,281,322,281,291,291,291,1.15,1.0,1.04,1.04,1.04,0.022986650466918945,0.0319671630859375,0.02398371696472168,0.03097987174987793,0.03098320960998535,0.02898263931274414,1.39,1.04,1.35,1.35,1.26,,75,395,334,241,187
64room_009,512,512,254117,0.97,8,302,165,0.55,31513,30823,17222,24783,26306,26366,0.98,0.55,0.79,0.83,0.84,11.32550859451294,10.464001893997192,5.9456071853637695,10.571977853775024,11.347531795501709,11.154696464538574,0.92,0.52,0.93,1.0,0.98,,618,15667,13723,10084,7657
64room_009,512,512,254117,0.97,10,620,413,0.67,266206,264624,138003,138595,139467,139964,0.99,0.52,0.52,0.52,0.53,340.04129362106323,340.99079298973083,230.60266041755676,231.0404393672943,232.20573377609253,233.24315357208252,1.0,0.68,0.68,0.68,0.69,,962,93787,52940,36239,28943
8room_000,512,512,206642,0.79,2,161,130,0.81,2935,2890,2628,2628,2628,2628,0.98,0.9,0.9,0.9,0.9,0.6546289920806885,0.6326370239257812,0.5676765441894531,0.557680606842041,0.6166248321533203,0.566697359085083,0.97,0.87,0.85,0.94,0.87,,152,1556,862,679,503
8room_000,512,512,206642,0.79,4,76,59,0.78,1494,1479,1304,1304,1304,1304,0.99,0.87,0.87,0.87,0.87,0.26583313941955566,0.25884580612182617,0.2628483772277832,0.23088431358337402,0.2368626594543457,0.23986172676086426,0.97,0.99,0.87,0.89,0.9,,107,1051,610,432,343
8room_000,512,512,206642,0.79,6,280,263,0.94,10850,8481,8368,8368,8368,8368,0.78,0.77,0.77,0.77,0.77,9.77443528175354,8.488145589828491,8.766005992889404,8.603102207183838,8.610095262527466,8.531141996383667,0.87,0.9,0.88,0.88,0.87,,351,8134,5007,3376,2500
8room_000,512,512,206642,0.79,8,352,285,0.81,24537,24422,22886,22886,22886,22886,1.0,0.93,0.93,0.93,0.93,12.766667604446411,12.903626441955566,10.849869012832642,10.84184455871582,10.892810821533203,10.966753721237183,1.01,0.85,0.85,0.85,0.86,,880,19107,15219,10780,8139
8room_000,512,512,206642,0.79,10,397,354,0.89,55791,45452,28148,28161,28169,28180,0.81,0.5,0.5,0.5,0.51,50.14241409301758,39.62540888786316,27.2424635887146,26.301013231277466,26.561869859695435,26.81070637702942,0.79,0.54,0.52,0.53,0.53,,728,24226,28306,20829,16034
Berlin_2_1024,1024,1024,795261,0.76,2,941,542,0.58,367835,366454,281873,281873,281873,281873,1.0,0.77,0.77,0.77,0.77,979.9038062095642,1147.025766134262,652.9240908622742,654.7360198497772,647.0644125938416,656.6389541625977,1.17,0.67,0.67,0.66,0.67,,1446,184474,101204,67478,50561
Berlin_2_1024,1024,1024,795261,0.76,4,926,811,0.88,312029,221338,127472,127472,127472,127472,0.71,0.41,0.41,0.41,0.41,893.7129075527191,614.4939427375793,352.9209666252136,347.02134466171265,347.1952066421509,345.98393535614014,0.69,0.39,0.39,0.39,0.39,,2486,160005,99635,72757,56410
Berlin_2_1024,1024,1024,795261,0.76,6,371,260,0.7,15055,14510,9312,10062,11381,12890,0.96,0.62,0.67,0.76,0.86,4.12166953086853,4.398489952087402,3.0052661895751953,3.6599295139312744,4.441462755203247,4.372487783432007,1.07,0.73,0.89,1.08,1.06,,230,2854,1672,1322,1175
Berlin_2_1024,1024,1024,795261,0.76,8,848,643,0.76,158600,155261,93977,94401,95638,98029,0.98,0.59,0.6,0.6,0.62,199.6503026485443,195.12492108345032,140.6258738040924,141.7162368297577,142.80863046646118,143.59018540382385,0.98,0.7,0.71,0.72,0.72,,957,66590,34797,24593,19468
Berlin_2_1024,1024,1024,795261,0.76,10,70,69,0.99,252,200,195,195,195,195,0.79,0.77,0.77,0.77,0.77,0.07196784019470215,0.04497218132019043,0.0629415512084961,0.044971466064453125,0.04797220230102539,0.04797029495239258,0.62,0.87,0.62,0.67,0.67,,22,31,29,26,26
lak400d,418,362,40385,0.27,2,307,128,0.42,9309,9235,5966,5966,5966,5966,0.99,0.64,0.64,0.64,0.64,2.6944453716278076,2.142777442932129,1.5781004428863525,1.552114725112915,1.5510964393615723,1.39619779586792,0.8,0.59,0.58,0.58,0.52,,183,5450,3247,2188,1677
lak400d,418,362,40385,0.27,4,114,113,0.99,215,215,287,287,287,287,1.0,1.33,1.33,1.33,1.33,0.08493733406066895,0.10294032096862793,0.07795429229736328,0.07295632362365723,0.09494566917419434,0.09294438362121582,1.21,0.92,0.86,1.12,1.09,,186,2054,1228,909,768
lak400d,418,362,40385,0.27,6,186,185,0.99,276,276,321,321,321,321,1.0,1.16,1.16,1.16,1.16,0.12392711639404297,0.21887516975402832,0.10294103622436523,0.09794306755065918,0.09694314002990723,0.09294700622558594,1.77,0.83,0.79,0.78,0.75,,75,627,631,600,611
lak400d,418,362,40385,0.27,8,528,505,0.96,65147,48009,17762,17735,17735,17735,0.74,0.27,0.27,0.27,0.27,89.83182644844055,60.693408489227295,17.965762615203857,18.433499574661255,17.733896493911743,18.060710906982422,0.68,0.2,0.21,0.2,0.2,,2352,21930,14100,10191,8033
lak400d,418,362,40385,0.27,10,244,243,1.0,413,377,376,376,376,376,0.91,0.91,0.91,0.91,0.91,0.3068244457244873,0.21785688400268555,0.18388581275939941,0.21985578536987305,0.2228717803955078,0.17891669273376465,0.71,0.6,0.72,0.73,0.58,,46,70,43,31,27
lak405d,1005,782,47365,0.06,2,94,93,0.99,325,325,325,325,325,325,1.0,1.0,1.0,1.0,1.0,0.08694839477539062,0.08893060684204102,0.0979623794555664,0.08395218849182129,0.14691543579101562,0.08395171165466309,1.02,1.13,0.97,1.69,0.97,,0,0,0,0,0
lak405d,1005,782,47365,0.06,4,862,773,0.9,14804,14662,12578,12578,12578,12578,0.99,0.85,0.85,0.85,0.85,10.60294246673584,10.049293041229248,9.214770078659058,9.359647274017334,9.251709938049316,9.650521039962769,0.95,0.87,0.88,0.87,0.91,,1466,11725,7810,5227,3927
lak405d,1005,782,47365,0.06,6,967,740,0.77,29989,25695,19343,19343,19343,19343,0.86,0.65,0.65,0.65,0.65,16.109806776046753,13.061521530151367,9.765451908111572,9.881387948989868,10.129247903823853,10.511030673980713,0.81,0.61,0.61,0.63,0.65,,1847,19005,12456,8469,6444
lak405d,1005,782,47365,0.06,8,1245,806,0.65,66198,56629,41923,41866,41642,38150,0.86,0.63,0.63,0.63,0.58,24.110265493392944,21.60167670249939,15.218327522277832,15.133376359939575,16.42262864112854,13.394369125366211,0.9,0.63,0.63,0.68,0.56,,1671,27565,14638,10012,8114
lak405d,1005,782,47365,0.06,10,541,386,0.71,35591,13099,7997,8000,8323,8504,0.37,0.22,0.22,0.23,0.24,13.86415147781372,4.678315162658691,2.6794707775115967,3.0262949466705322,2.645491361618042,3.0062713623046875,0.34,0.19,0.22,0.19,0.22,,889,7002,3846,2804,2220
London_1_1024,1024,1024,796301,0.76,2,225,202,0.9,2107,2107,2107,2107,2107,2107,1.0,1.0,1.0,1.0,1.0,0.8884923458099365,0.8555119037628174,0.8654882907867432,0.8455355167388916,0.8445138931274414,0.8585295677185059,0.96,0.97,0.95,0.95,0.97,,188,1879,932,625,465
London_1_1024,1024,1024,796301,0.76,4,592,535,0.9,41489,41058,34990,35607,35984,36139,0.99,0.84,0.86,0.87,0.87,33.49591636657715,33.69082307815552,30.627580404281616,32.03277039527893,29.977916479110718,31.856837272644043,1.01,0.91,0.96,0.89,0.95,,782,22197,12882,9535,7698
London_1_1024,1024,1024,796301,0.76,6,947,770,0.81,297581,251589,161909,161934,161934,166368,0.85,0.54,0.54,0.54,0.56,769.2238235473633,661.8909809589386,411.5815761089325,396.9209382534027,394.93800592422485,417.18334007263184,0.86,0.54,0.52,0.51,0.54,,1714,175678,110497,78021,61787
London_1_1024,1024,1024,796301,0.76,8,1169,1168,1.0,3021,2949,4859,4859,4859,4859,0.98,1.61,1.61,1.61,1.61,5.0431413650512695,4.865228176116943,5.932600498199463,5.495867967605591,5.7676942348480225,5.554791212081909,0.96,1.18,1.09,1.14,1.1,,345,6650,5641,7836,9312
London_1_1024,1024,1024,796301,0.76,10,172,171,0.99,834,710,575,575,575,575,0.85,0.69,0.69,0.69,0.69,0.3867614269256592,0.4107627868652344,0.3408203125,0.27487754821777344,0.29880809783935547,0.270845890045166,1.06,0.88,0.71,0.77,0.7,,813,8527,4784,3195,2400
maze512-16-5,511,511,246016,0.94,2,250,93,0.37,9853,9838,9769,9769,9769,9769,1.0,0.99,0.99,0.99,0.99,2.0178682804107666,1.9638609886169434,2.35267972946167,2.262712001800537,2.304671287536621,2.1727395057678223,0.97,1.17,1.12,1.14,1.08,,117,4295,2478,1647,1243
maze512-16-5,511,511,246016,0.94,4,771,286,0.37,63441,63182,50094,50106,50106,50106,1.0,0.79,0.79,0.79,0.79,28.44184708595276,28.715636730194092,25.3015878200531,24.719897031784058,25.779314756393433,25.20064663887024,1.01,0.89,0.87,0.91,0.89,,1054,44687,25751,17497,13382
maze512-16-5,511,511,246016,0.94,6,1410,493,0.35,160101,159565,139582,139576,139637,139758,1.0,0.87,0.87,0.87,0.87,113.98310256004333,107.80360865592957,107.37679767608643,108.06443691253662,105.54091191291809,107.85859775543213,0.95,0.94,0.95,0.93,0.95,,1981,116261,88565,60240,45968
maze512-16-5,511,511,246016,0.94,8,2142,581,0.27,252127,250719,200946,201297,201760,202833,0.99,0.8,0.8,0.8,0.8,157.13547039031982,155.89321064949036,129.00053668022156,127.30148100852966,128.26792430877686,129.58218550682068,0.99,0.82,0.81,0.82,0.82,,2888,195621,142472,95828,74094
maze512-16-5,511,511,246016,0.94,10,1669,458,0.27,166558,164022,155360,155351,155387,155364,0.98,0.93,0.93,0.93,0.93,100.74067640304565,102.45763206481934,98.79275941848755,102.41567516326904,103.9207980632782,100.93248176574707,1.02,0.98,1.02,1.03,1.0,,2215,152629,105135,70578,53156
maze512-2-0,511,511,174524,0.67,2,1336,217,0.16,60972,60942,60929,60929,60929,60929,1.0,1.0,1.0,1.0,1.0,13.8901207447052,13.642228126525879,15.543160915374756,15.714043617248535,15.443206787109375,15.614128589630127,0.98,1.12,1.13,1.11,1.12,,1451,49778,38050,25730,19229
maze512-2-0,511,511,174524,0.67,4,3484,317,0.09,116305,109459,109460,109463,109478,109505,0.94,0.94,0.94,0.94,0.94,21.03201723098755,19.542860746383667,38.97679924964905,38.01735520362854,39.61342692375183,39.325578927993774,0.93,1.85,1.81,1.88,1.87,,3815,91940,64562,49615,37157
maze512-2-0,511,511,174524,0.67,6,243,116,0.48,17897,17417,17411,17411,17411,17411,0.97,0.97,0.97,0.97,0.97,2.0738184452056885,1.8069496154785156,2.1697604656219482,1.7979722023010254,1.891937017440796,2.045853853225708,0.87,1.05,0.87,0.91,0.99,,336,3465,1843,1377,1020
maze512-2-0,511,511,174524,0.67,8,1218,31,0.03,8980,8855,8849,8849,8849,8849,0.99,0.99,0.99,0.99,0.99,0.48871564865112305,0.47472500801086426,0.4987318515777588,0.50272536277771,0.5746684074401855,0.510690450668335,0.97,1.02,1.03,1.18,1.04,,1275,7253,5225,3898,2876
maze512-2-0,511,511,174524,0.67,10,1744,297,0.17,36160,33114,33107,33107,33100,33100,0.92,0.92,0.92,0.92,0.92,4.186610460281372,3.9667394161224365,4.2585742473602295,4.8372626304626465,4.306559085845947,4.315539836883545,0.95,1.02,1.16,1.03,1.03,,1933,29964,15401,11463,8534
maze512-32-9,511,511,253792,0.97,2,1463,540,0.37,130250,130093,111051,111051,111051,111051,1.0,0.85,0.85,0.85,0.85,75.57196974754333,77.94759345054626,64.08652687072754,63.33393597602844,64.15445280075073,64.79207372665405,1.03,0.85,0.84,0.85,0.86,,1720,106731,76064,50737,38027
maze512-32-9,511,511,253792,0.97,4,2250,401,0.18,368958,248823,230591,234751,239447,246614,0.67,0.62,0.64,0.65,0.67,301.19870615005493,149.09709882736206,154.71086382865906,158.92548203468323,161.73686408996582,173.76203632354736,0.5,0.51,0.53,0.54,0.58,,3045,195680,156250,113346,92690
maze512-32-9,511,511,253792,0.97,6,595,96,0.16,57051,56200,37512,37512,37512,37512,0.99,0.66,0.66,0.66,0.66,33.93768525123596,32.8992338180542,23.165786504745483,22.582151412963867,24.11825442314148,23.138838052749634,0.97,0.68,0.67,0.71,0.68,,603,29966,18540,12524,9508
maze512-32-9,511,511,253792,0.97,8,1135,636,0.56,258646,257362,176473,176950,177427,178102,1.0,0.68,0.68,0.69,0.69,188.8664150238037,186.34184622764587,152.55803728103638,158.54668068885803,160.82738184928894,156.69075679779053,0.99,0.81,0.84,0.85,0.83,,1597,88963,49238,35139,28490
maze512-32-9,511,511,253792,0.97,10,689,326,0.47,395206,391641,326804,317554,315880,316000,0.99,0.83,0.8,0.8,0.8,322.9969491958618,311.1367390155792,276.8403377532959,250.59520530700684,249.87664008140564,257.15156745910645,0.96,0.86,0.78,0.77,0.8,,1793,80144,57651,50661,50946
maze512-4-6,511,511,209266,0.8,2,3910,259,0.07,116142,116139,116136,116136,116136,116136,1.0,1.0,1.0,1.0,1.0,21.635671377182007,21.47478723526001,21.345858097076416,21.91349768638611,22.124432802200317,22.67108130455017,0.99,0.99,1.01,1.02,1.05,,4548,110590,75151,50015,37378
maze512-4-6,511,511,209266,0.8,4,2750,309,0.11,59831,59729,59688,59715,59743,59776,1.0,1.0,1.0,1.0,1.0,10.051291942596436,8.538132429122925,17.657934188842773,18.390542030334473,17.55901026725769,18.239624738693237,0.85,1.76,1.83,1.75,1.81,,3272,40246,30392,20405,15347
maze512-4-6,511,511,209266,0.8,6,1014,195,0.19,42703,42731,42673,42673,42673,42673,1.0,1.0,1.0,1.0,1.0,8.708031177520752,9.586533069610596,11.745284795761108,10.59494400024414,10.564958572387695,11.774292945861816,1.1,1.35,1.22,1.21,1.35,,1335,34397,23875,16048,12284
maze512-4-6,511,511,209266,0.8,8,5051,326,0.06,123246,123076,119372,119409,119467,119531,1.0,0.97,0.97,0.97,0.97,22.165388822555542,21.00405192375183,19.937657356262207,21.92049479484558,21.148985624313354,22.042438983917236,0.95,0.9,0.99,0.95,0.99,,5918,111673,89666,59839,44818
maze512-4-6,511,511,209266,0.8,10,3864,473,0.12,210773,210241,199500,199718,199480,199476,1.0,0.95,0.95,0.95,0.95,67.84430956840515,69.9891107082367,69.26354885101318,69.3944878578186,68.35907292366028,66.96984577178955,1.03,1.02,1.02,1.01,0.99,,4639,194772,128613,91307,68354
maze512-8-3,511,511,232925,0.89,2,2997,456,0.15,109859,109784,109273,109273,109273,109273,1.0,0.99,0.99,0.99,0.99,29.499166011810303,28.622690439224243,27.106539011001587,27.548303842544556,28.168931007385254,28.2899010181427,0.97,0.92,0.93,0.95,0.96,,3784,105905,69450,46481,34766
maze512-8-3,511,511,232925,0.89,4,707,266,0.38,42861,42792,33407,33474,33529,33586,1.0,0.78,0.78,0.78,0.78,10.996749639511108,11.703312397003174,13.1874840259552,13.86911392211914,12.647796869277954,12.963631629943848,1.06,1.2,1.26,1.15,1.18,,818,24752,22304,14953,11238
maze512-8-3,511,511,232925,0.89,6,928,227,0.24,70440,46481,45740,45740,45740,45740,0.66,0.65,0.65,0.65,0.65,23.25274634361267,16.241722345352173,16.32769751548767,15.098390579223633,15.096397876739502,15.595100164413452,0.7,0.7,0.65,0.65,0.67,,1112,44017,24069,16187,12179
maze512-8-3,511,511,232925,0.89,8,3546,437,0.12,343371,342480,341984,341984,341985,341985,1.0,1.0,1.0,1.0,1.0,155.43243718147278,158.29686403274536,332.8094391822815,338.5541772842407,345.98190784454346,340.85382056236267,1.02,2.14,2.18,2.23,2.19,,4699,226058,158918,107512,81457
maze512-8-3,511,511,232925,0.89,10,2433,564,0.23,149163,149054,149331,146983,146650,146908,1.0,1.0,0.99,0.98,0.98,55.20858645439148,55.12861132621765,56.168007373809814,58.21583104133606,55.69525480270386,58.21683883666992,1.0,1.02,1.05,1.01,1.05,,3073,130073,104363,76407,57390
Moscow_1_1024,1024,1024,796072,0.76,2,446,375,0.84,19320,19019,12576,12576,12576,12576,0.98,0.65,0.65,0.65,0.65,16.346704721450806,17.12524151802063,11.395473003387451,10.353120565414429,10.729868412017822,10.803822755813599,1.05,0.7,0.63,0.66,0.66,,386,11440,5959,4009,2993
Moscow_1_1024,1024,1024,796072,0.76,4,754,753,1.0,3248,3249,3423,3423,3423,3423,1.0,1.05,1.05,1.05,1.05,7.0979554653167725,6.662183523178101,7.665611982345581,7.0789453983306885,7.847491025924683,6.98605751991272,0.94,1.08,1.0,1.11,0.98,,739,88860,52965,35323,26482
Moscow_1_1024,1024,1024,796072,0.76,6,537,504,0.94,27727,20499,13063,13063,13063,13063,0.74,0.47,0.47,0.47,0.47,25.094702005386353,18.77833843231201,12.086109161376953,11.890243768692017,11.807254314422607,11.608402490615845,0.75,0.48,0.47,0.47,0.46,,290,9331,5067,3631,2838
Moscow_1_1024,1024,1024,796072,0.76,8,867,802,0.93,297649,235346,172932,177978,178121,178121,0.79,0.58,0.6,0.6,0.6,845.7023298740387,611.0669164657593,342.04813289642334,378.0316438674927,378.74123549461365,382.0532968044281,0.72,0.4,0.45,0.45,0.45,,2552,172325,124513,85224,63932
Moscow_1_1024,1024,1024,796072,0.76,10,651,582,0.89,64920,44476,19809,21744,21777,21824,0.69,0.31,0.33,0.34,0.34,108.3073399066925,70.01311612129211,29.903974056243896,32.30062556266785,30.819432973861694,30.41769289970398,0.65,0.28,0.3,0.28,0.28,,1530,19773,25017,17780,14400
NewYork_0_1024,1024,1024,792676,0.76,2,1064,933,0.88,144289,143028,104940,104940,104940,104940,0.99,0.73,0.73,0.73,0.73,418.88137340545654,419.50005650520325,274.342759847641,282.46508598327637,273.91594552993774,274.7474591732025,1.0,0.65,0.67,0.65,0.66,,1182,93799,66604,45091,33823
NewYork_0_1024,1024,1024,792676,0.76,4,606,597,0.99,135507,135408,38143,38143,38143,38143,1.0,0.28,0.28,0.28,0.28,247.40906524658203,248.6523404121399,66.88787770271301,66.09034657478333,64.67015814781189,62.746253967285156,1.01,0.27,0.27,0.26,0.25,,1225,54894,41946,34783,26730
NewYork_0_1024,1024,1024,792676,0.76,6,440,439,1.0,764,764,764,764,764,764,1.0,1.0,1.0,1.0,1.0,0.626638650894165,0.589644193649292,0.631650447845459,0.624640703201294,0.5886633396148682,0.7216179370880127,0.94,1.01,1.0,0.94,1.15,,241,3617,5241,6434,7087
NewYork_0_1024,1024,1024,792676,0.76,8,192,191,0.99,582,584,666,666,666,666,1.0,1.14,1.14,1.14,1.14,0.2728393077850342,0.2868173122406006,0.36181092262268066,0.33182597160339355,0.35179686546325684,0.3268284797668457,1.05,1.33,1.22,1.29,1.2,,592,10598,8792,5864,4395
NewYork_0_1024,1024,1024,792676,0.76,10,540,539,1.0,2176,2179,5205,5255,5305,5355,1.0,2.39,2.41,2.44,2.46,2.4596333503723145,2.424651861190796,3.994701623916626,4.2945544719696045,4.003714323043823,4.6753315925598145,0.99,1.62,1.75,1.63,1.9,,2351,40992,41515,31242,24216
orz700d,796,896,95600,0.13,2,283,196,0.69,7463,7332,4103,4103,4103,4103,0.98,0.55,0.55,0.55,0.55,2.209740400314331,2.0138518810272217,0.8625056743621826,0.8955066204071045,0.8574895858764648,1.0723869800567627,0.91,0.39,0.41,0.39,0.49,,193,3809,1897,1267,950
orz700d,796,896,95600,0.13,4,495,282,0.57,36703,28292,14857,14857,14857,14857,0.77,0.4,0.4,0.4,0.4,12.196035861968994,9.380632400512695,4.914193153381348,5.775704383850098,5.165053844451904,4.93220329284668,0.77,0.4,0.47,0.42,0.4,,640,11597,5819,3888,2943
orz700d,796,896,95600,0.13,6,1090,641,0.59,40534,40395,32593,32598,32606,32622,1.0,0.8,0.8,0.8,0.8,15.503218650817871,16.027867794036865,14.129948854446411,14.08599305152893,14.055989503860474,14.349822044372559,1.03,0.91,0.91,0.91,0.93,,1662,31552,21915,14982,11449
orz700d,796,896,95600,0.13,8,399,312,0.78,12187,10143,4971,5082,5213,5356,0.83,0.41,0.42,0.43,0.44,3.8667690753936768,3.2261548042297363,1.0983707904815674,1.1113617420196533,1.1453254222869873,1.2392871379852295,0.83,0.28,0.29,0.3,0.32,,486,4099,2960,2490,1932
orz700d,796,896,95600,0.13,10,549,548,1.0,635,638,632,632,593,653,1.0,1.0,1.0,0.93,1.03,0.7325997352600098,0.7795488834381104,0.731595516204834,0.7405586242675781,0.9584503173828125,0.7435922622680664,1.06,1.0,1.01,1.31,1.02,,95,672,751,315,1431
orz900d,633,1397,96603,0.11,2,834,333,0.4,38417,37901,22741,22741,22741,22741,0.99,0.59,0.59,0.59,0.59,19.89466619491577,20.00558614730835,6.744152307510376,6.295390844345093,6.504272222518921,6.738174915313721,1.01,0.34,0.32,0.33,0.34,,955,21306,26879,17913,13435
orz900d,633,1397,96603,0.11,4,421,288,0.68,11100,8033,5594,5594,5594,5594,0.72,0.5,0.5,0.5,0.5,4.202604293823242,3.1112279891967773,1.4341998100280762,1.4131932258605957,1.6810221672058105,1.859919548034668,0.74,0.34,0.34,0.4,0.44,,617,5285,3058,2044,1551
orz900d,633,1397,96603,0.11,6,935,672,0.72,91490,72676,34783,34853,35014,35101,0.79,0.38,0.38,0.38,0.38,105.87166810035706,82.16920948028564,25.464471578598022,25.92922568321228,25.176656007766724,25.63539743423462,0.78,0.24,0.24,0.24,0.24,,2503,35292,19224,13513,10758
orz900d,633,1397,96603,0.11,8,424,307,0.72,15279,13632,8528,8570,8609,8638,0.89,0.56,0.56,0.56,0.57,5.596810817718506,3.802809000015259,2.4676291942596436,2.526577949523926,3.010298013687134,2.6164872646331787,0.68,0.44,0.45,0.54,0.47,,901,6703,4822,3481,2894
orz900d,633,1397,96603,0.11,10,55,54,0.98,207,197,209,302,302,302,0.95,1.01,1.46,1.46,1.46,0.02598404884338379,0.027979373931884766,0.03497910499572754,0.03797459602355957,0.039971351623535156,0.04398608207702637,1.08,1.35,1.46,1.54,1.69,,142,576,306,207,150
ost100d,771,777,137375,0.23,2,1005,594,0.59,121601,121409,87249,87249,87249,87249,1.0,0.72,0.72,0.72,0.72,117.29818201065063,115.18240427970886,81.96332859992981,83.22357273101807,84.36492586135864,82.1281943321228,0.98,0.7,0.71,0.72,0.7,,1317,86175,64539,43784,32886
ost100d,771,777,137375,0.23,4,336,327,0.97,10774,10771,10762,10762,10762,10762,1.0,1.0,1.0,1.0,1.0,6.512270450592041,6.524266481399536,6.870101690292358,7.5377349853515625,7.045984745025635,7.480735540390015,1.0,1.05,1.16,1.08,1.15,,223,6112,4155,3090,2369
ost100d,771,777,137375,0.23,6,475,474,1.0,1178,1164,1164,1164,1164,1164,0.99,0.99,0.99,0.99,0.99,0.9664504528045654,0.9644453525543213,1.246307611465454,0.999427318572998,0.9404425621032715,0.9484562873840332,1.0,1.29,1.03,0.97,0.98,,351,1949,2739,3462,3914
ost100d,771,777,137375,0.23,8,562,409,0.73,41164,34353,23097,25206,27245,28694,0.83,0.56,0.61,0.66,0.7,20.12657070159912,15.998865842819214,11.028714179992676,11.404494047164917,12.435952186584473,12.86171007156372,0.79,0.55,0.57,0.62,0.64,,362,7177,5879,6141,5306
ost100d,771,777,137375,0.23,10,675,672,1.0,93068,89661,18539,18557,18560,18560,0.96,0.2,0.2,0.2,0.2,190.45550107955933,162.03771591186523,33.856727600097656,34.44935464859009,34.20252799987793,34.00162625312805,0.85,0.18,0.18,0.18,0.18,,3787,21321,12439,9730,7792
Paris_0_1024,1024,1024,795749,0.76,2,99,98,0.99,180,180,180,180,180,180,1.0,1.0,1.0,1.0,1.0,0.057965755462646484,0.05696749687194824,0.05696415901184082,0.0719594955444336,0.05696511268615723,0.05796408653259277,0.98,0.98,1.24,0.98,1.0,,0,0,0,0,0
Paris_0_1024,1024,1024,795749,0.76,4,418,417,1.0,560,560,560,560,560,560,1.0,1.0,1.0,1.0,1.0,0.6236436367034912,0.5836668014526367,0.5846467018127441,0.70259690284729,0.5826442241668701,0.5746891498565674,0.94,0.94,1.13,0.93,0.92,,120,1711,1970,1723,1616
Paris_0_1024,1024,1024,795749,0.76,6,740,349,0.47,603808,599012,320271,331504,337460,342379,0.99,0.53,0.55,0.56,0.57,1327.3119699954987,1363.9397327899933,705.9288783073425,725.6406724452972,704.4407432079315,733.4032299518585,1.03,0.53,0.55,0.53,0.55,,1509,212536,153664,144871,120476
Paris_0_1024,1024,1024,795749,0.76,8,294,293,1.0,600,540,599,600,600,600,0.9,1.0,1.0,1.0,1.0,0.3607778549194336,0.30382537841796875,0.4427342414855957,0.3358025550842285,0.3538029193878174,0.32581543922424316,0.84,1.23,0.93,0.98,0.9,,261,3241,4907,5045,4397
Paris_0_1024,1024,1024,795749,0.76,10,743,678,0.91,187582,152606,30589,30780,31148,31718,0.81,0.16,0.16,0.17,0.17,335.80771017074585,269.3865580558777,40.41098117828369,41.961095333099365,41.460384130477905,42.17996048927307,0.8,0.12,0.12,0.12,0.13,,1355,53380,30696,25708,19385
random512-10-0,512,512,235900,0.9,2,106,103,0.97,437,437,437,437,437,437,1.0,1.0,1.0,1.0,1.0,0.1269223690032959,0.12692689895629883,0.1379072666168213,0.13092899322509766,0.13593649864196777,0.12792515754699707,1.0,1.09,1.03,1.07,1.01,,74,321,159,106,72
random512-10-0,512,512,235900,0.9,4,436,435,1.0,4706,4705,4701,4701,4701,4701,1.0,1.0,1.0,1.0,1.0,5.361939907073975,5.365939378738403,5.261986494064331,5.485876083374023,5.450891733169556,6.866086483001709,1.0,0.98,1.02,1.02,1.28,,350,12033,17108,18116,15068
random512-10-0,512,512,235900,0.9,6,118,117,0.99,1147,1147,1147,1152,1165,1199,1.0,1.0,1.0,1.02,1.05,0.3917579650878906,0.37678050994873047,0.3827788829803467,0.3727860450744629,0.5426864624023438,0.38777637481689453,0.96,0.98,0.95,1.39,0.99,,20,129,168,305,677
random512-10-0,512,512,235900,0.9,8,245,242,0.99,3563,3563,3563,3563,3563,3563,1.0,1.0,1.0,1.0,1.0,2.6414742469787598,2.784428119659424,2.284696102142334,2.8773601055145264,2.3306503295898438,2.841379404067993,1.05,0.86,1.09,0.88,1.08,,41,364,438,451,424
random512-10-0,512,512,235900,0.9,10,274,259,0.95,7970,6998,4929,4929,4929,4929,0.88,0.62,0.62,0.62,0.62,4.911200523376465,4.143634557723999,3.552940607070923,3.236112117767334,2.9752981662750244,3.128218173980713,0.84,0.72,0.66,0.61,0.64,,1075,7416,6832,4888,3733
random512-15-1,512,512,222683,0.85,2,117,116,0.99,735,731,731,731,731,731,0.99,0.99,0.99,0.99,0.99,0.23785853385925293,0.20788073539733887,0.21187710762023926,0.21687865257263184,0.20987844467163086,0.2648615837097168,0.87,0.89,0.91,0.88,1.11,,0,0,0,0,0
random512-15-1,512,512,222683,0.85,4,469,468,1.0,4394,4394,4394,4394,4394,4394,1.0,1.0,1.0,1.0,1.0,6.338383436203003,6.253413200378418,5.980570554733276,5.928619146347046,6.2664289474487305,6.3723719120025635,0.99,0.94,0.94,0.99,1.01,,30,78,44,28,21
random512-15-1,512,512,222683,0.85,6,685,684,1.0,4227,4211,4211,4211,4211,4205,1.0,1.0,1.0,1.0,0.99,8.435179233551025,8.24630093574524,8.42419719696045,8.345245838165283,8.783977031707764,7.963476657867432,0.98,1.0,0.99,1.04,0.94,,20,25,16,10,10
random512-15-1,512,512,222683,0.85,8,305,302,0.99,9469,10291,6491,6490,6505,6493,1.09,0.69,0.69,0.69,0.69,8.297272205352783,8.78599214553833,6.775139570236206,6.020550489425659,5.895656108856201,6.142522096633911,1.06,0.82,0.73,0.71,0.74,,677,8728,6420,5598,4589
random512-15-1,512,512,222683,0.85,10,73,72,0.99,366,368,364,364,364,364,1.01,0.99,0.99,0.99,0.99,0.09494376182556152,0.07897233963012695,0.11592888832092285,0.08096981048583984,0.07193803787231445,0.07195901870727539,0.83,1.22,0.85,0.76,0.76,,41,133,120,132,118
random512-20-2,512,512,209231,0.8,2,40,39,0.97,62,62,62,62,62,62,1.0,1.0,1.0,1.0,1.0,0.003996610641479492,0.004992961883544922,0.004996061325073242,0.007992267608642578,0.0049932003021240234,0.005991458892822266,1.25,1.25,2.0,1.25,1.5,,0,0,0,0,0
random512-20-2,512,512,209231,0.8,4,644,641,1.0,1890,1889,1889,1889,1889,1889,1.0,1.0,1.0,1.0,1.0,2.4296209812164307,2.3176755905151367,2.499568462371826,2.378638505935669,2.3506791591644287,2.280698299407959,0.95,1.03,0.98,0.97,0.94,,4,5,2,1,0
random512-20-2,512,512,209231,0.8,6,293,286,0.98,16490,16102,13101,13051,14015,13071,0.98,0.79,0.79,0.85,0.79,12.49391770362854,12.41194462776184,9.925344228744507,9.428621530532837,9.921324968338013,9.348685026168823,0.99,0.79,0.75,0.79,0.75,,509,12097,8546,5896,4501
random512-20-2,512,512,209231,0.8,8,69,68,0.99,249,206,242,244,241,241,0.83,0.97,0.98,0.97,0.97,0.028975248336791992,0.026983261108398438,0.04597187042236328,0.029976367950439453,0.02898263931274414,0.03897261619567871,0.93,1.59,1.03,1.0,1.35,,74,257,185,168,168
random512-20-2,512,512,209231,0.8,10,124,123,0.99,548,571,539,549,555,555,1.04,0.98,1.0,1.01,1.01,0.1649003028869629,0.130936861038208,0.1069338321685791,0.10993051528930664,0.10693573951721191,0.17989301681518555,0.79,0.65,0.67,0.65,1.09,,113,668,812,640,553
random512-25-3,512,512,195275,0.74,2,536,453,0.85,43969,43274,34706,34706,34706,34706,0.98,0.79,0.79,0.79,0.79,45.13428020477295,44.760481119155884,32.61341905593872,32.229633808135986,32.45553016662598,31.800902605056763,0.99,0.72,0.71,0.72,0.7,,568,22615,20788,13936,10229
random512-25-3,512,512,195275,0.74,4,391,332,0.85,22431,22017,17063,17063,17063,17063,0.98,0.76,0.76,0.76,0.76,14.804563760757446,13.245489597320557,11.494433879852295,11.33352518081665,11.20261836051941,11.86621880531311,0.89,0.78,0.77,0.76,0.8,,822,20383,17327,16292,12349
random512-25-3,512,512,195275,0.74,6,124,103,0.83,2156,2078,1976,1976,1976,1976,0.96,0.92,0.92,0.92,0.92,0.475722074508667,0.498706579208374,0.3897573947906494,0.38875532150268555,0.4767296314239502,0.3807828426361084,1.05,0.82,0.82,1.0,0.8,,157,1565,1214,950,730
random512-25-3,512,512,195275,0.74,8,544,541,0.99,43135,43126,34835,34835,34835,34835,1.0,0.81,0.81,0.81,0.81,192.67420482635498,190.51544904708862,134.75022149085999,134.60632276535034,133.84375834465027,135.51580023765564,0.99,0.7,0.7,0.69,0.7,,928,54425,38835,27090,23188
random512-25-3,512,512,195275,0.74,10,739,738,1.0,2573,3429,2565,2565,2565,2565,1.33,1.0,1.0,1.0,1.0,3.919764757156372,4.760303735733032,3.4810173511505127,3.67192006111145,3.7808213233947754,3.619915008544922,1.21,0.89,0.94,0.96,0.92,,108,1141,2045,2952,3372
random512-30-4,512,512,180132,0.69,2,535,532,0.99,2331,2331,2327,2327,2327,2327,1.0,1.0,1.0,1.0,1.0,2.124783754348755,2.656486988067627,2.100802421569824,2.1247854232788086,2.2357215881347656,2.2796947956085205,1.25,0.99,1.0,1.05,1.07,,20,106,49,36,23
random512-30-4,512,512,180132,0.69,4,394,383,0.97,15601,15569,11063,11063,11063,11063,1.0,0.71,0.71,0.71,0.71,23.99136710166931,23.785430669784546,18.71731925010681,18.8162579536438,18.639376163482666,18.891252279281616,0.99,0.78,0.78,0.78,0.79,,404,10161,7240,4790,3600
random512-30-4,512,512,180132,0.69,6,404,331,0.82,29206,29388,21738,21737,21736,21723,1.01,0.74,0.74,0.74,0.74,18.333555936813354,16.698501348495483,12.270005464553833,11.33255672454834,12.162051916122437,11.931200742721558,0.91,0.67,0.62,0.66,0.65,,432,13623,15609,11329,9087
random512-30-4,512,512,180132,0.69,8,106,91,0.86,1831,1763,1710,1706,1706,1706,0.96,0.93,0.93,0.93,0.93,0.22186970710754395,0.20787906646728516,0.26584577560424805,0.22886919975280762,0.22587227821350098,0.21189451217651367,0.94,1.2,1.03,1.02,0.96,,143,1159,691,470,353
random512-30-4,512,512,180132,0.69,10,262,253,0.97,4748,4645,4031,4466,3824,3961,0.98,0.85,0.94,0.81,0.83,2.1028177738189697,2.1277847290039062,2.2997043132781982,2.0388541221618652,2.04081392288208,2.35565447807312,1.01,1.09,0.97,0.97,1.12,,330,5463,5837,4192,3637
